-- phpMyAdmin SQL Dump
-- version 4.8.5
-- https://www.phpmyadmin.net/
--
-- Host: 127.0.0.1
-- Generation Time: Apr 01, 2019 at 09:40 PM
-- Server version: 10.1.38-MariaDB
-- PHP Version: 7.3.3

SET SQL_MODE = "NO_AUTO_VALUE_ON_ZERO";
SET AUTOCOMMIT = 0;
START TRANSACTION;
SET time_zone = "+00:00";


/*!40101 SET @OLD_CHARACTER_SET_CLIENT=@@CHARACTER_SET_CLIENT */;
/*!40101 SET @OLD_CHARACTER_SET_RESULTS=@@CHARACTER_SET_RESULTS */;
/*!40101 SET @OLD_COLLATION_CONNECTION=@@COLLATION_CONNECTION */;
/*!40101 SET NAMES utf8mb4 */;

--
-- Database: `eapi`
--

-- --------------------------------------------------------

--
-- Table structure for table `migrations`
--

CREATE TABLE `migrations` (
  `id` int(10) UNSIGNED NOT NULL,
  `migration` varchar(191) COLLATE utf8mb4_unicode_ci NOT NULL,
  `batch` int(11) NOT NULL
) ENGINE=InnoDB DEFAULT CHARSET=utf8mb4 COLLATE=utf8mb4_unicode_ci;

--
-- Dumping data for table `migrations`
--

INSERT INTO `migrations` (`id`, `migration`, `batch`) VALUES
(1, '2014_10_12_000000_create_users_table', 1),
(2, '2014_10_12_100000_create_password_resets_table', 1),
(3, '2019_03_31_041937_create_products_table', 1),
(4, '2019_03_31_042030_create_reviews_table', 1);

-- --------------------------------------------------------

--
-- Table structure for table `password_resets`
--

CREATE TABLE `password_resets` (
  `email` varchar(191) COLLATE utf8mb4_unicode_ci NOT NULL,
  `token` varchar(191) COLLATE utf8mb4_unicode_ci NOT NULL,
  `created_at` timestamp NULL DEFAULT NULL
) ENGINE=InnoDB DEFAULT CHARSET=utf8mb4 COLLATE=utf8mb4_unicode_ci;

-- --------------------------------------------------------

--
-- Table structure for table `products`
--

CREATE TABLE `products` (
  `id` int(10) UNSIGNED NOT NULL,
  `name` varchar(191) COLLATE utf8mb4_unicode_ci NOT NULL,
  `detail` text COLLATE utf8mb4_unicode_ci NOT NULL,
  `price` int(11) NOT NULL,
  `stock` int(11) NOT NULL,
  `discount` int(11) NOT NULL,
  `created_at` timestamp NULL DEFAULT NULL,
  `updated_at` timestamp NULL DEFAULT NULL
) ENGINE=InnoDB DEFAULT CHARSET=utf8mb4 COLLATE=utf8mb4_unicode_ci;

--
-- Dumping data for table `products`
--

INSERT INTO `products` (`id`, `name`, `detail`, `price`, `stock`, `discount`, `created_at`, `updated_at`) VALUES
(1, 'ut', 'Natus delectus nostrum assumenda quia. Temporibus sed fuga sequi maiores. Qui rerum et corporis saepe qui et. Assumenda ea ut totam.', 512, 9, 7, '2019-04-01 14:05:26', '2019-04-01 14:05:26'),
(2, 'facere', 'Aut facere reprehenderit ut. Amet perferendis accusamus quasi dolorum voluptas rem ex. Ipsum quos repudiandae eaque architecto.', 129, 2, 1, '2019-04-01 14:05:26', '2019-04-01 14:05:26'),
(3, 'minus', 'Doloribus temporibus itaque accusantium in nesciunt. Voluptatibus sed unde consequatur rerum molestiae nulla deleniti. Velit explicabo fugit illo earum.', 959, 7, 9, '2019-04-01 14:05:26', '2019-04-01 14:05:26'),
(4, 'dolorem', 'Illum incidunt perferendis aut odio libero et sunt ab. Quidem quia exercitationem laboriosam inventore minus earum sed. Autem sed est quia optio qui aperiam.', 156, 6, 1, '2019-04-01 14:05:26', '2019-04-01 14:05:26'),
(5, 'voluptatum', 'Non at qui dicta accusantium eum non. Sequi recusandae sunt quam tempore. Voluptates porro ut atque quis eos accusantium porro qui.', 848, 9, 5, '2019-04-01 14:05:26', '2019-04-01 14:05:26'),
(6, 'vero', 'Minus dignissimos non enim ut temporibus accusamus. Facere iure dolores hic ut est quidem. Ab a est id fugiat quaerat omnis sit. Molestiae officiis corrupti velit excepturi.', 504, 7, 4, '2019-04-01 14:05:26', '2019-04-01 14:05:26'),
(7, 'aut', 'Aut tempora doloremque qui laborum est ea reiciendis aut. Itaque deleniti harum accusantium quas. Dolore alias commodi expedita consequatur.', 327, 5, 9, '2019-04-01 14:05:26', '2019-04-01 14:05:26'),
(8, 'assumenda', 'Sunt natus nisi nulla repellat maxime eveniet. Excepturi ut voluptates architecto culpa error debitis. Aut quibusdam sequi sit nihil possimus minus consequatur placeat. Consequuntur quae dolor molestias. Vel mollitia voluptatem quasi.', 589, 9, 8, '2019-04-01 14:05:26', '2019-04-01 14:05:26'),
(9, 'magni', 'Voluptas qui rerum eveniet sed. Modi ipsum autem incidunt delectus. Commodi neque facere expedita nesciunt deleniti enim. Totam quis iste asperiores in quasi illo odio. Dolorem voluptas saepe molestiae deserunt unde commodi.', 182, 3, 5, '2019-04-01 14:05:26', '2019-04-01 14:05:26'),
(10, 'tempore', 'Iusto dolores laudantium nam natus. Dolor distinctio dolores aut neque possimus eos adipisci. Voluptatem ea id corporis quam consectetur animi cumque. Iusto ea eos in sit dolore facere totam qui.', 749, 8, 7, '2019-04-01 14:05:26', '2019-04-01 14:05:26'),
(11, 'sed', 'Id sed neque sed cupiditate voluptas voluptas repellendus. Distinctio et aperiam tempore aut. Veniam eos repellendus neque aperiam vero accusamus et ut.', 601, 2, 2, '2019-04-01 14:05:26', '2019-04-01 14:05:26'),
(12, 'numquam', 'Suscipit aut saepe ex ut molestias. Et aut dolorum quia excepturi ullam voluptatem. Et eligendi ipsum ad rerum atque asperiores harum.', 235, 1, 1, '2019-04-01 14:05:26', '2019-04-01 14:05:26'),
(13, 'hic', 'Et sapiente et quis. Illum quia officiis soluta earum sunt quas asperiores debitis. Iusto sit culpa voluptatem nam animi eum vero. Deleniti quibusdam officiis quia aut blanditiis dolores voluptatem.', 763, 9, 6, '2019-04-01 14:05:26', '2019-04-01 14:05:26'),
(14, 'sit', 'Amet et amet deleniti rerum quo. Odio rerum quia iure recusandae mollitia et quod. Voluptatibus sed similique et ea doloribus.', 638, 5, 2, '2019-04-01 14:05:26', '2019-04-01 14:05:26'),
(15, 'doloribus', 'Quo quibusdam tempora voluptatem aperiam est quidem. Accusamus ullam delectus ipsa a reprehenderit impedit illo reprehenderit. Veniam iure qui quia voluptas esse sapiente.', 943, 0, 8, '2019-04-01 14:05:26', '2019-04-01 14:05:26'),
(16, 'id', 'Repellat laborum totam ut et. Ea magnam perspiciatis a consequatur. Earum ut deserunt autem aut voluptate dolores. Ducimus inventore dolor laudantium et.', 151, 1, 1, '2019-04-01 14:05:26', '2019-04-01 14:05:26'),
(17, 'et', 'Illum est et eos et sunt. Atque explicabo consequatur id dignissimos eos aperiam excepturi. Aut facere ratione doloribus asperiores.', 142, 5, 0, '2019-04-01 14:05:27', '2019-04-01 14:05:27'),
(18, 'cumque', 'Minus doloremque omnis praesentium iure. Et velit id et omnis aut natus dicta. Voluptatem in enim animi et sint excepturi.', 973, 4, 2, '2019-04-01 14:05:27', '2019-04-01 14:05:27'),
(19, 'voluptates', 'Assumenda nobis sit aut autem voluptatem. Voluptatum atque quis libero dolorem temporibus. Laudantium et at enim cupiditate similique. Totam voluptas ut explicabo voluptas et error.', 304, 7, 3, '2019-04-01 14:05:27', '2019-04-01 14:05:27'),
(20, 'suscipit', 'Aspernatur occaecati aspernatur aut nihil. Quia deleniti sequi voluptatum eos. Quia ab ea maiores quam. Numquam eaque voluptatem nobis fugiat et sed.', 127, 0, 9, '2019-04-01 14:05:27', '2019-04-01 14:05:27'),
(21, 'similique', 'Repudiandae corrupti dolor a consequatur ab voluptas aliquid sit. Adipisci voluptas aut porro culpa consequatur exercitationem. Aut explicabo voluptate repellendus dolores eveniet at est. Recusandae facilis in sapiente non qui quia.', 704, 9, 1, '2019-04-01 14:05:27', '2019-04-01 14:05:27'),
(22, 'doloribus', 'Mollitia ut est saepe illum nihil modi sed eligendi. Sunt officiis perferendis dolorum cupiditate eum est. Et blanditiis saepe ad voluptatem facere illo. Molestiae nemo minus minima iste possimus.', 749, 4, 8, '2019-04-01 14:05:27', '2019-04-01 14:05:27'),
(23, 'iure', 'Quos quis quis quo nostrum quisquam. Sit quia ex minus voluptates qui iure rerum. Rerum amet animi consequatur voluptatem. Placeat architecto id eos alias nihil quo. Rem saepe aut qui doloribus.', 857, 0, 1, '2019-04-01 14:05:27', '2019-04-01 14:05:27'),
(24, 'consequuntur', 'Esse ipsum nostrum vero et et natus inventore esse. Nemo ad ut dolores excepturi. Voluptas repellendus sit veniam quisquam. Vitae eum sed ratione.', 191, 9, 8, '2019-04-01 14:05:27', '2019-04-01 14:05:27'),
(25, 'laboriosam', 'Laborum repudiandae est ducimus autem molestias aperiam officia. Natus adipisci eum quis earum debitis quis. Aliquid corporis nam porro similique eaque ut minima. Dolorum voluptas nihil enim dolores perspiciatis itaque.', 825, 7, 0, '2019-04-01 14:05:27', '2019-04-01 14:05:27'),
(26, 'omnis', 'Fugiat nostrum a rem rerum perferendis. Quia autem ullam at. Fuga dolorem omnis rerum. Illum quaerat maxime ratione qui est suscipit iste.', 148, 9, 9, '2019-04-01 14:05:27', '2019-04-01 14:05:27'),
(27, 'dolorem', 'Sunt voluptas tenetur quam atque. Rerum in repudiandae veniam alias. Vel quia libero rerum dicta voluptas et quae. Sit eaque itaque sit nesciunt qui dolor.', 192, 5, 3, '2019-04-01 14:05:27', '2019-04-01 14:05:27'),
(28, 'eveniet', 'Est sed doloremque ducimus. Assumenda debitis in itaque ipsam consequuntur et. Et non illum nesciunt totam quo voluptate sequi. Ullam ipsum nobis enim velit est.', 375, 4, 0, '2019-04-01 14:05:27', '2019-04-01 14:05:27'),
(29, 'hic', 'Ipsa quod dolorum rerum fugit tempore praesentium. Qui cum corrupti quos ea.', 314, 3, 6, '2019-04-01 14:05:27', '2019-04-01 14:05:27'),
(30, 'voluptas', 'Assumenda corrupti perspiciatis et itaque architecto reiciendis iusto cupiditate. Sed voluptatum magni recusandae asperiores omnis sunt qui nihil. Molestiae a aut officiis sit. Enim inventore ipsam id reiciendis ipsum.', 547, 7, 8, '2019-04-01 14:05:27', '2019-04-01 14:05:27'),
(31, 'ratione', 'Et voluptatum praesentium illo deserunt doloribus laudantium possimus. Quam corporis nobis voluptas dolores quia id eos. Sed perferendis modi enim in et molestiae. Consequatur et quae eum blanditiis qui tenetur consequatur at. Iure voluptatem illum voluptatem autem aperiam sunt et.', 532, 3, 2, '2019-04-01 14:05:27', '2019-04-01 14:05:27'),
(32, 'optio', 'Qui architecto velit quisquam aliquam odit. Aliquam facere reprehenderit veritatis. Labore architecto animi rerum ut.', 904, 3, 6, '2019-04-01 14:05:27', '2019-04-01 14:05:27'),
(33, 'omnis', 'Optio voluptatem iste maxime qui explicabo. Sint incidunt perferendis dignissimos. Quae omnis quaerat in placeat in.', 824, 4, 2, '2019-04-01 14:05:27', '2019-04-01 14:05:27'),
(34, 'consequatur', 'Libero sunt quia cum molestiae nisi. Et eum cupiditate voluptas cumque soluta omnis cum repudiandae. Quia et id quis. Incidunt tempore eum alias a officia amet.', 735, 8, 0, '2019-04-01 14:05:27', '2019-04-01 14:05:27'),
(35, 'numquam', 'Nihil tenetur beatae cumque vel excepturi repudiandae. Soluta veritatis et corrupti qui voluptate veritatis nulla. Velit dolores fuga perferendis. Facilis cum molestiae repellendus libero vel eveniet itaque. Deserunt sunt dicta quod minima.', 320, 0, 7, '2019-04-01 14:05:27', '2019-04-01 14:05:27'),
(36, 'ut', 'Consequatur minus illum rerum est iste enim aliquam nobis. Necessitatibus qui nihil assumenda error sed tenetur quas. Quasi iste numquam voluptas non atque ut nihil. Fugiat qui id accusamus. Molestiae et provident unde et.', 720, 5, 1, '2019-04-01 14:05:27', '2019-04-01 14:05:27'),
(37, 'magni', 'Odio enim perspiciatis quibusdam nemo nihil. Facere consectetur eveniet ad. Aut aut modi amet dolor consequatur ut.', 547, 8, 9, '2019-04-01 14:05:27', '2019-04-01 14:05:27'),
(38, 'ea', 'Officia et maxime dolor rerum at. Eum vitae aut alias dolore voluptas nobis. Autem repellat est exercitationem officia. Fugiat debitis et aut.', 387, 7, 9, '2019-04-01 14:05:27', '2019-04-01 14:05:27'),
(39, 'sed', 'Expedita deleniti consequatur in voluptatum odio. Nostrum maiores sit aut qui quidem saepe. In aut vero debitis quae aliquam voluptates. Autem nulla nulla laboriosam unde rem nam iusto.', 421, 2, 4, '2019-04-01 14:05:27', '2019-04-01 14:05:27'),
(40, 'quaerat', 'Eius ipsa amet dolorem et iste. Quod debitis deserunt voluptates sit voluptas. Voluptas nostrum praesentium quam officia beatae quo qui dolores.', 478, 1, 5, '2019-04-01 14:05:27', '2019-04-01 14:05:27'),
(41, 'ullam', 'Pariatur quisquam maxime sit voluptate. Natus ex tempora et quas. Odio vel expedita perferendis error officia eum unde. Unde et quo ut qui aut.', 152, 0, 5, '2019-04-01 14:05:27', '2019-04-01 14:05:27'),
(42, 'cum', 'Quia et nam ut. Libero sit corporis nostrum. Vel asperiores officiis et magni. Voluptate maiores unde saepe esse.', 745, 5, 2, '2019-04-01 14:05:27', '2019-04-01 14:05:27'),
(43, 'molestias', 'Delectus dignissimos voluptatibus molestias sed velit quas. Repellat sit repellendus alias asperiores sed. Et quia ut distinctio quas sit culpa sunt.', 551, 1, 2, '2019-04-01 14:05:27', '2019-04-01 14:05:27'),
(44, 'possimus', 'Et incidunt error nisi. Ipsa aut maiores odio et. Quam sint dolores sunt odit voluptatem. Eligendi enim perspiciatis eveniet saepe.', 137, 1, 5, '2019-04-01 14:05:27', '2019-04-01 14:05:27'),
(45, 'voluptatum', 'Fuga distinctio omnis architecto laborum sapiente numquam. Ipsum adipisci officia saepe eligendi nihil. Officia sint dolorem sed mollitia.', 121, 1, 8, '2019-04-01 14:05:27', '2019-04-01 14:05:27'),
(46, 'iste', 'Voluptatem voluptas perspiciatis magnam veniam. Deleniti ut incidunt quo. Rerum deleniti quia quo error itaque quae. Tempore modi aspernatur rerum voluptas nemo consectetur.', 567, 9, 8, '2019-04-01 14:05:27', '2019-04-01 14:05:27'),
(47, 'et', 'Quia nihil amet aut quibusdam. Sit assumenda vel qui corporis eaque eaque sapiente. Dignissimos distinctio sint repudiandae eum id quia. Mollitia atque quas rerum impedit.', 892, 5, 5, '2019-04-01 14:05:27', '2019-04-01 14:05:27'),
(48, 'est', 'Suscipit amet dolorem minus dolorem neque ad facilis. Voluptatem omnis ut aut iste quo et qui nemo. Optio ut culpa delectus. Error autem omnis autem.', 865, 3, 8, '2019-04-01 14:05:27', '2019-04-01 14:05:27'),
(49, 'quae', 'Laudantium repellat aut sit magnam. Aut sit voluptatum natus dicta aspernatur. Optio aut quaerat voluptatem quod assumenda sequi deserunt. Dolor dolorem culpa eligendi cumque quasi.', 929, 9, 0, '2019-04-01 14:05:27', '2019-04-01 14:05:27'),
(50, 'deserunt', 'Ad voluptas et est. Temporibus maiores dignissimos perspiciatis corporis ab distinctio. Blanditiis est explicabo delectus iusto.', 989, 4, 4, '2019-04-01 14:05:27', '2019-04-01 14:05:27'),
(51, 'necessitatibus', 'Libero ex libero ab ratione veniam. Iure mollitia enim expedita rem est sit reprehenderit illum. Qui quae vero facere sapiente. Sint cupiditate illum officiis aut voluptatum aut maxime.', 332, 2, 1, '2019-04-01 14:06:05', '2019-04-01 14:06:05'),
(52, 'error', 'Ipsa asperiores qui at ipsam et sit aut. Consequuntur dolore sed et rerum maxime. Non dolorem dicta blanditiis sunt doloribus alias ipsa.', 535, 2, 5, '2019-04-01 14:06:06', '2019-04-01 14:06:06'),
(53, 'delectus', 'Vitae voluptates nihil autem similique quos. Veniam nostrum libero autem. Nisi totam totam consequuntur voluptas et itaque.', 467, 2, 6, '2019-04-01 14:06:06', '2019-04-01 14:06:06'),
(54, 'sit', 'Sunt est rem suscipit autem consequatur ut. Est aliquid non velit culpa saepe nulla. Vel harum repellat facilis et.', 652, 8, 0, '2019-04-01 14:06:06', '2019-04-01 14:06:06'),
(55, 'voluptas', 'Debitis aliquam maiores optio voluptas architecto dignissimos repellat. Officiis est officia consequatur.', 407, 4, 4, '2019-04-01 14:06:06', '2019-04-01 14:06:06'),
(56, 'quia', 'Ut rerum ad dolorum corrupti beatae repellat illum voluptas. Soluta animi et dolorem id expedita ipsam et corporis. Sit enim quia explicabo impedit dolor.', 685, 5, 3, '2019-04-01 14:06:06', '2019-04-01 14:06:06'),
(57, 'et', 'Asperiores doloribus ducimus atque voluptas repellendus provident dolore. Odit quia amet qui reprehenderit debitis dolorum. Non eum sunt autem quidem illo modi animi labore.', 425, 2, 0, '2019-04-01 14:06:06', '2019-04-01 14:06:06'),
(58, 'ab', 'Voluptatem officiis iure quia dignissimos. Tenetur quis perferendis neque natus rerum. Deleniti eveniet voluptatibus suscipit sed maiores. Saepe sequi cum quia aperiam et alias.', 277, 7, 2, '2019-04-01 14:06:06', '2019-04-01 14:06:06'),
(59, 'explicabo', 'Vel rem molestiae accusantium aspernatur animi porro. Et quos autem repudiandae perspiciatis. Voluptatibus provident occaecati quasi. Vel quisquam adipisci voluptates omnis occaecati dignissimos.', 631, 0, 5, '2019-04-01 14:06:06', '2019-04-01 14:06:06'),
(60, 'quia', 'Aut qui iusto veniam autem cum. Facere ut iste itaque voluptates deserunt dignissimos saepe. Iure magnam mollitia et. Velit et ut vel modi necessitatibus dignissimos odio.', 433, 2, 9, '2019-04-01 14:06:06', '2019-04-01 14:06:06'),
(61, 'praesentium', 'Quod fugit sunt quibusdam aperiam harum. Voluptas quidem blanditiis mollitia ratione provident nesciunt vero.', 515, 6, 0, '2019-04-01 14:06:06', '2019-04-01 14:06:06'),
(62, 'soluta', 'Quos eaque deserunt et qui aut sed vel. Molestiae facilis qui sint voluptatem sit. Hic voluptatem in fugit sit consectetur exercitationem voluptate id.', 216, 4, 0, '2019-04-01 14:06:06', '2019-04-01 14:06:06'),
(63, 'nobis', 'Quisquam quod veritatis sit ex ut et. Eius veritatis ullam sed maxime quasi. Quia necessitatibus et minima qui hic.', 994, 1, 2, '2019-04-01 14:06:06', '2019-04-01 14:06:06'),
(64, 'corrupti', 'Quam dicta dicta quisquam debitis quia ipsum. Nulla voluptate saepe mollitia ea praesentium mollitia dolor. Sint eius autem omnis ea ipsum exercitationem. Quis culpa atque quis quos culpa quidem dolores. Eum aspernatur consequatur saepe ut nam alias consequuntur.', 291, 4, 0, '2019-04-01 14:06:06', '2019-04-01 14:06:06'),
(65, 'quis', 'At et libero voluptas ab. Ut officiis assumenda veritatis et. Assumenda sunt illo quisquam corrupti impedit nam totam sint.', 863, 6, 4, '2019-04-01 14:06:06', '2019-04-01 14:06:06'),
(66, 'delectus', 'Minus accusantium inventore eos sed sit. Et voluptatem necessitatibus magni minus consequatur maxime. Quaerat nihil et beatae quo ut incidunt.', 932, 5, 4, '2019-04-01 14:06:06', '2019-04-01 14:06:06'),
(67, 'sit', 'Ut similique est voluptatum. Quia nisi molestiae accusamus ratione et voluptatem. Fugiat quia aperiam rerum eos minima.', 814, 4, 0, '2019-04-01 14:06:06', '2019-04-01 14:06:06'),
(68, 'nostrum', 'At iste dolorem ratione recusandae sunt voluptates. Dolores perferendis inventore esse ut voluptatem natus non. Facere soluta animi sequi. Non corrupti velit impedit et esse.', 507, 2, 3, '2019-04-01 14:06:06', '2019-04-01 14:06:06'),
(69, 'explicabo', 'Similique et earum commodi velit atque vel sed. Vel voluptatem vitae nulla est totam aliquam aliquam. Ipsum dignissimos blanditiis saepe aut iste doloribus aut.', 551, 6, 5, '2019-04-01 14:06:06', '2019-04-01 14:06:06'),
(70, 'aut', 'Ipsam aspernatur fuga quasi id omnis amet. Iure temporibus voluptatem vel non dolorem voluptate omnis. Iusto atque non porro eos eligendi.', 935, 0, 8, '2019-04-01 14:06:06', '2019-04-01 14:06:06'),
(71, 'et', 'Tenetur recusandae iusto commodi quam. Est nam dolorum est aspernatur provident quia. Rem consequatur consequatur est eligendi.', 626, 9, 2, '2019-04-01 14:06:06', '2019-04-01 14:06:06'),
(72, 'harum', 'Tenetur libero fuga placeat aliquid est ipsum. Maiores saepe quo fugit molestias unde et accusantium. Eaque quo quia dolorem rerum maxime reprehenderit ut. Ex et maxime ipsum autem. Consequatur magnam vel rem.', 396, 0, 3, '2019-04-01 14:06:06', '2019-04-01 14:06:06'),
(73, 'provident', 'Quia eveniet esse consequatur non. Sed aut ut aut sed. Quia minima ut ad eveniet. Officia omnis ut non sed minus voluptas numquam.', 665, 3, 1, '2019-04-01 14:06:06', '2019-04-01 14:06:06'),
(74, 'dolorem', 'Aliquid ipsum ipsa cupiditate veniam esse aliquam iure ducimus. Voluptatem repellat corporis eligendi delectus. Occaecati enim eligendi incidunt doloribus culpa.', 208, 1, 1, '2019-04-01 14:06:06', '2019-04-01 14:06:06'),
(75, 'quibusdam', 'Optio voluptates in omnis quibusdam cumque et. Sit rerum deleniti sequi omnis. Sed distinctio asperiores beatae facere.', 571, 5, 8, '2019-04-01 14:06:06', '2019-04-01 14:06:06'),
(76, 'dolore', 'Odit minima omnis ipsa rerum rerum est. Accusantium id hic nisi nesciunt quo. Dolore pariatur at magnam facere maiores ratione. Sed officiis hic omnis quaerat facilis.', 899, 1, 6, '2019-04-01 14:06:06', '2019-04-01 14:06:06'),
(77, 'repellendus', 'Omnis qui soluta excepturi omnis impedit. Voluptas non blanditiis quaerat sit. Quasi minima qui suscipit. Inventore eligendi non dolor quaerat.', 306, 6, 0, '2019-04-01 14:06:06', '2019-04-01 14:06:06'),
(78, 'eligendi', 'Autem distinctio modi explicabo ab iure in quo. Et sunt est officia omnis iure iusto sint. Fuga voluptates hic dolorum ducimus.', 183, 6, 9, '2019-04-01 14:06:06', '2019-04-01 14:06:06'),
(79, 'exercitationem', 'Voluptas ex vel amet culpa labore ipsam. Sint saepe commodi ut quae sit. Ratione sed veritatis tempore fugit repellat cumque exercitationem. Nihil aut earum dolor dolorem.', 202, 9, 1, '2019-04-01 14:06:06', '2019-04-01 14:06:06'),
(80, 'ea', 'Totam facilis ut voluptatem ut non non modi minima. Et labore quia consequuntur aut minima amet. Cupiditate est aut quidem repellendus nisi. Aut error sequi libero harum. Sed et et non nihil.', 574, 6, 6, '2019-04-01 14:06:06', '2019-04-01 14:06:06'),
(81, 'qui', 'Doloremque et autem saepe perspiciatis repellendus. Quos ex a repellat voluptate dolorem rerum. Sed facilis tempora tenetur occaecati. Quisquam totam eligendi recusandae quod laudantium.', 624, 6, 3, '2019-04-01 14:06:06', '2019-04-01 14:06:06'),
(82, 'neque', 'Et dolorem natus aut non quasi voluptatem nesciunt. Quidem tempora consectetur maxime rerum ut et. Sunt voluptatem velit eveniet. Aut nisi dolores ipsam voluptas et.', 433, 4, 2, '2019-04-01 14:06:06', '2019-04-01 14:06:06'),
(83, 'impedit', 'Maxime rerum iste enim corporis voluptatem soluta. Quia quo blanditiis quisquam ipsam ad fuga excepturi molestiae. Totam eum sunt non voluptas.', 934, 8, 6, '2019-04-01 14:06:06', '2019-04-01 14:06:06'),
(84, 'quae', 'Fugiat repellat ea eos ipsam excepturi enim et. Voluptas pariatur natus eos assumenda voluptatem. Ut saepe exercitationem voluptatum veritatis repellat sapiente et voluptates.', 390, 1, 7, '2019-04-01 14:06:06', '2019-04-01 14:06:06'),
(85, 'commodi', 'Aut molestias ea dicta minus voluptas autem ex voluptatum. Numquam necessitatibus exercitationem distinctio placeat et odit ipsum est. Sint nostrum aperiam assumenda ullam quis. Consequatur incidunt hic ut.', 248, 9, 8, '2019-04-01 14:06:06', '2019-04-01 14:06:06'),
(86, 'atque', 'Corporis eaque et voluptatem distinctio similique excepturi provident. Possimus saepe aut voluptatibus aut autem sint. Qui sed et magnam tempore impedit voluptas at. Dolores eaque consequatur error.', 368, 4, 6, '2019-04-01 14:06:06', '2019-04-01 14:06:06'),
(87, 'consequatur', 'Consequatur reiciendis ea ut esse. Non non nostrum tempora non ex aut. Cumque sit ut impedit ut. Libero aliquid aliquam aut sit quo id consequuntur.', 763, 1, 4, '2019-04-01 14:06:06', '2019-04-01 14:06:06'),
(88, 'praesentium', 'Voluptate quia excepturi dolore sed voluptatem. Aut placeat dolor nihil assumenda. Voluptatem similique in voluptatem quos impedit. Nisi accusantium voluptatem repellat ut.', 814, 9, 7, '2019-04-01 14:06:06', '2019-04-01 14:06:06'),
(89, 'qui', 'Earum recusandae dolorum enim quia ducimus. Tempore sed eos perferendis debitis tenetur ex et. Omnis id non repellendus qui reiciendis autem. Distinctio animi praesentium aut quibusdam quo.', 777, 9, 1, '2019-04-01 14:06:07', '2019-04-01 14:06:07'),
(90, 'nisi', 'Sed veniam iure cumque laboriosam consequatur qui. Voluptatem in reiciendis labore eum provident exercitationem expedita. Et quibusdam temporibus voluptatem.', 169, 1, 5, '2019-04-01 14:06:07', '2019-04-01 14:06:07'),
(91, 'ducimus', 'Occaecati provident ipsa impedit. Aut ipsum quas quisquam quam excepturi quibusdam. Amet rem atque ab debitis optio. Rerum animi similique rem qui officia.', 349, 9, 7, '2019-04-01 14:06:07', '2019-04-01 14:06:07'),
(92, 'velit', 'Rerum cupiditate adipisci voluptas eos. Omnis sapiente at qui doloribus sit fuga voluptas. Tenetur et expedita vitae ad sunt nam et. Blanditiis similique sapiente at aliquid totam quia modi et. Maxime nisi id incidunt sit fugit facilis velit.', 942, 6, 2, '2019-04-01 14:06:07', '2019-04-01 14:06:07'),
(93, 'natus', 'Sint aspernatur voluptatem quibusdam repellendus. Voluptatem amet asperiores velit. Aperiam qui et perspiciatis tempore saepe.', 762, 0, 8, '2019-04-01 14:06:07', '2019-04-01 14:06:07'),
(94, 'accusantium', 'Atque ipsam et possimus libero praesentium. Nihil omnis debitis voluptas similique praesentium neque tempore. Vero sed sit vel. Iusto aut fugit molestiae voluptatem cupiditate.', 744, 6, 6, '2019-04-01 14:06:07', '2019-04-01 14:06:07'),
(95, 'laboriosam', 'Odit et ut hic ut quod ut nisi. Similique in iure nulla facere nihil. Maiores sed recusandae nam consequatur distinctio voluptas. Odio in praesentium eveniet aliquam et quia.', 286, 8, 9, '2019-04-01 14:06:07', '2019-04-01 14:06:07'),
(96, 'repellat', 'Amet animi aut reiciendis perferendis rem. Vero error et vel quod eos. Voluptas quis aliquam numquam tenetur consequuntur. Id aut neque reiciendis ratione quos.', 873, 3, 4, '2019-04-01 14:06:07', '2019-04-01 14:06:07'),
(97, 'et', 'Nobis voluptatum ullam dolorem laboriosam soluta dignissimos. Dolorem impedit a ut ab. Harum est nemo dolore aut voluptatum.', 481, 2, 7, '2019-04-01 14:06:07', '2019-04-01 14:06:07'),
(98, 'qui', 'Porro quia enim et dolores. Quia est animi velit et quos itaque omnis. In maiores laborum natus quos omnis. Ducimus sit ut aspernatur excepturi. Placeat modi soluta quasi earum molestias quis qui.', 804, 3, 6, '2019-04-01 14:06:07', '2019-04-01 14:06:07'),
(99, 'voluptatum', 'Ratione perspiciatis blanditiis ea mollitia. Aut temporibus quidem aut odio dolores ut perspiciatis. Laboriosam dolorem aut architecto exercitationem voluptates facilis. Ipsa sequi saepe et ipsam rerum.', 285, 2, 4, '2019-04-01 14:06:07', '2019-04-01 14:06:07'),
(100, 'harum', 'Qui saepe aliquam omnis accusamus. Autem necessitatibus aliquam ab optio nihil reprehenderit quia. Rerum commodi excepturi ipsum tempore veritatis vel incidunt. Libero reprehenderit ipsam neque eum.', 625, 0, 7, '2019-04-01 14:06:07', '2019-04-01 14:06:07');

-- --------------------------------------------------------

--
-- Table structure for table `reviews`
--

CREATE TABLE `reviews` (
  `id` int(10) UNSIGNED NOT NULL,
  `product_id` int(10) UNSIGNED NOT NULL,
  `customer` varchar(191) COLLATE utf8mb4_unicode_ci NOT NULL,
  `review` text COLLATE utf8mb4_unicode_ci NOT NULL,
  `star` int(11) NOT NULL,
  `created_at` timestamp NULL DEFAULT NULL,
  `updated_at` timestamp NULL DEFAULT NULL
) ENGINE=InnoDB DEFAULT CHARSET=utf8mb4 COLLATE=utf8mb4_unicode_ci;

--
-- Dumping data for table `reviews`
--

INSERT INTO `reviews` (`id`, `product_id`, `customer`, `review`, `star`, `created_at`, `updated_at`) VALUES
(1, 57, 'Kasey Lowe', 'Vel quos in sint ad consectetur quasi quos. Dolores corrupti quia magni. Sapiente eveniet voluptas qui architecto dolor iure quia.', 0, '2019-04-01 14:06:08', '2019-04-01 14:06:08'),
(2, 91, 'Verla Krajcik DVM', 'Eos pariatur sunt assumenda facere aut. Sed vitae sed laborum et velit. Nesciunt perferendis dicta voluptatem perferendis.', 4, '2019-04-01 14:06:08', '2019-04-01 14:06:08'),
(3, 71, 'Mrs. Alivia Bruen III', 'Doloribus et quis consectetur qui rerum. Eos aut nostrum et debitis. Animi optio non labore eveniet.', 1, '2019-04-01 14:06:08', '2019-04-01 14:06:08'),
(4, 79, 'Thaddeus Torp', 'Placeat eligendi quaerat autem omnis aut. Repudiandae aut doloribus omnis quia. Repellat ut expedita voluptatibus architecto ea modi sed. Rerum vero aperiam quis ex esse.', 3, '2019-04-01 14:06:08', '2019-04-01 14:06:08'),
(5, 21, 'Mrs. Amalia Balistreri PhD', 'Praesentium earum qui a ad suscipit. Sunt facere porro ducimus est omnis est est.', 1, '2019-04-01 14:06:08', '2019-04-01 14:06:08'),
(6, 67, 'Zion Grant', 'Nulla vel autem nisi sunt magni. Accusantium voluptatibus voluptate necessitatibus ipsa delectus rerum. Quaerat vel reprehenderit magni impedit rerum.', 1, '2019-04-01 14:06:08', '2019-04-01 14:06:08'),
(7, 64, 'Dr. Wellington Rosenbaum IV', 'Necessitatibus laboriosam sunt quas. Et explicabo minima et perferendis ducimus aperiam illum. Est laboriosam dolorum id dignissimos. Repudiandae atque tempora sed autem esse eos eius.', 2, '2019-04-01 14:06:08', '2019-04-01 14:06:08'),
(8, 95, 'Jacquelyn Fritsch', 'Id ducimus magnam similique ullam. Cumque voluptas et dolor aspernatur est. Sunt soluta reiciendis doloremque possimus reiciendis.', 3, '2019-04-01 14:06:08', '2019-04-01 14:06:08'),
(9, 96, 'Dr. Catharine Tillman PhD', 'Eos consequatur nesciunt eius adipisci quis. Tempora quia dolores et dolores expedita. Et nam qui qui consequuntur veritatis.', 2, '2019-04-01 14:06:08', '2019-04-01 14:06:08'),
(10, 98, 'Malinda Wisoky', 'Rem dignissimos ut et amet ut. Cupiditate dolore fuga voluptas praesentium amet inventore. Eius repudiandae doloribus alias iure dolor ut nisi placeat.', 3, '2019-04-01 14:06:08', '2019-04-01 14:06:08'),
(11, 55, 'Shakira Bashirian', 'Ratione unde nihil dolor dolores. Incidunt asperiores deleniti perferendis. Itaque sunt sed rerum natus modi beatae. Minima alias veritatis aut similique vel placeat.', 3, '2019-04-01 14:06:08', '2019-04-01 14:06:08'),
(12, 17, 'Ken Tillman', 'Qui qui voluptatem omnis qui quos est quibusdam. Corrupti quasi iure at non ab odit. Suscipit sed qui repellendus repellendus.', 5, '2019-04-01 14:06:08', '2019-04-01 14:06:08'),
(13, 36, 'Keyon Hills', 'Laboriosam repudiandae laborum aliquid tenetur. Dolorum dolorem atque quia. Id nostrum molestiae repellendus eveniet.', 5, '2019-04-01 14:06:08', '2019-04-01 14:06:08'),
(14, 70, 'Mrs. Jolie Bergnaum', 'Tempora velit doloribus non autem. Aperiam dolores officia praesentium voluptatem. Similique inventore molestias sunt culpa. Excepturi eum nostrum architecto nihil commodi beatae atque.', 3, '2019-04-01 14:06:08', '2019-04-01 14:06:08'),
(15, 57, 'Audreanne Gibson', 'Quisquam perspiciatis autem eveniet dolorem est aperiam commodi. Iste dolorem molestias aut vel ullam est impedit. Tempora amet voluptatem voluptas ex. Nisi quia suscipit harum excepturi voluptates voluptas.', 3, '2019-04-01 14:06:08', '2019-04-01 14:06:08'),
(16, 93, 'Mr. Josh Walsh IV', 'Sit tenetur voluptatem sapiente fugit sunt. Non vel iste deserunt veniam debitis. Est at placeat numquam. Placeat dolor quisquam modi sapiente dolores. Eligendi quasi occaecati distinctio atque modi et ut.', 5, '2019-04-01 14:06:08', '2019-04-01 14:06:08'),
(17, 29, 'Izaiah Kihn', 'Et neque amet voluptatem voluptas. Placeat voluptas id dolorem dolor amet. Sunt sit nemo repellat facilis voluptatem delectus quidem consequuntur. Impedit sit ducimus voluptas aspernatur similique.', 3, '2019-04-01 14:06:08', '2019-04-01 14:06:08'),
(18, 38, 'Prof. Angelo Kertzmann I', 'Et ut ipsam occaecati est qui facere eius. Quis quae molestiae ut culpa a ad natus nemo. Sit velit voluptatum maiores quaerat dolorum alias.', 3, '2019-04-01 14:06:08', '2019-04-01 14:06:08'),
(19, 79, 'Oren Mann', 'Laborum aperiam asperiores ad a similique temporibus. Placeat quis neque adipisci repudiandae earum. Vel qui qui rerum veritatis. Quisquam et architecto animi quae consequatur mollitia atque. Voluptas aliquid quam nemo animi esse.', 4, '2019-04-01 14:06:08', '2019-04-01 14:06:08'),
(20, 37, 'Odessa Altenwerth', 'Quae perspiciatis facilis repellendus. Eveniet laboriosam rerum hic asperiores illum. Sunt eaque labore neque. Consequatur sit eaque eligendi.', 5, '2019-04-01 14:06:08', '2019-04-01 14:06:08'),
(21, 87, 'Kamille Gerhold II', 'Et alias cum numquam. Blanditiis et veniam unde fuga dolore ullam. Quas maxime nesciunt officia dolorem rem. Quod culpa et distinctio similique dolores necessitatibus.', 4, '2019-04-01 14:06:08', '2019-04-01 14:06:08'),
(22, 100, 'Myah Cole II', 'Voluptatem eius natus neque exercitationem assumenda ad mollitia iure. Autem debitis minus ut beatae voluptatem. Sequi rerum rerum non nostrum assumenda.', 3, '2019-04-01 14:06:08', '2019-04-01 14:06:08'),
(23, 20, 'Dr. Verona Douglas', 'Ipsam ipsam sunt ipsa consequatur. Qui inventore saepe qui id quam voluptas laborum. Sequi odio consequatur nobis. Ducimus corrupti facere iure.', 1, '2019-04-01 14:06:08', '2019-04-01 14:06:08'),
(24, 72, 'Mrs. Chanel Beier I', 'Molestias rerum accusantium fuga et. Adipisci repellat amet fugit eius reprehenderit libero veritatis. Eum aut nihil rerum amet fugit aliquam tempore et.', 0, '2019-04-01 14:06:08', '2019-04-01 14:06:08'),
(25, 91, 'Rahul DuBuque', 'Cupiditate voluptatem qui ut perferendis rerum ullam quas. Quod voluptatem vitae sed necessitatibus voluptatem consequuntur. Nesciunt ut voluptatem nisi numquam est dolore sequi.', 1, '2019-04-01 14:06:08', '2019-04-01 14:06:08'),
(26, 74, 'Dr. Libbie Fahey', 'Id voluptatibus veniam id dolorem. Omnis et illo voluptatem molestias. Aperiam architecto alias repellendus reiciendis itaque.', 4, '2019-04-01 14:06:08', '2019-04-01 14:06:08'),
(27, 54, 'Garth Champlin', 'Repudiandae quaerat doloremque deserunt recusandae suscipit inventore ut natus. Quo quo itaque aliquid possimus quos amet quod. Accusantium quasi explicabo ut. Ipsam possimus incidunt dicta qui libero laborum blanditiis.', 4, '2019-04-01 14:06:08', '2019-04-01 14:06:08'),
(28, 7, 'Mr. Andrew Boyle PhD', 'Rerum eos dicta sequi voluptatem modi dolores repellat unde. Corporis repellendus explicabo laboriosam. Qui consequatur saepe ab dolores nostrum impedit vel fugit.', 1, '2019-04-01 14:06:08', '2019-04-01 14:06:08'),
(29, 1, 'Mr. Jaquan Davis Sr.', 'Inventore mollitia labore voluptatem molestias ut. In veritatis minus quisquam accusantium sit qui cumque delectus. Inventore et voluptas excepturi deleniti occaecati sint corporis. Voluptas autem blanditiis maxime qui. Id praesentium et eum fugiat.', 1, '2019-04-01 14:06:08', '2019-04-01 14:06:08'),
(30, 43, 'Maribel Schumm', 'Iure qui et facilis soluta. Est asperiores pariatur sequi inventore. Odit veniam distinctio aut quidem. Impedit ut porro error qui quia debitis.', 0, '2019-04-01 14:06:08', '2019-04-01 14:06:08'),
(31, 13, 'Georgiana Prosacco', 'Quos distinctio asperiores nulla perspiciatis. Voluptas ea omnis voluptatem alias. Impedit quaerat minus numquam fuga excepturi.', 5, '2019-04-01 14:06:08', '2019-04-01 14:06:08'),
(32, 41, 'Santa Nienow', 'Rem temporibus accusamus autem aut. Est repellendus dolores nobis vel tenetur. Nemo aliquam aliquam ullam quis. Repellendus qui exercitationem voluptatem.', 5, '2019-04-01 14:06:08', '2019-04-01 14:06:08'),
(33, 91, 'Miss Jada Rau', 'Natus velit quo ex molestias deserunt. Harum consequatur et dicta. Explicabo dolorem quis vel reiciendis consequuntur impedit. Sed et est enim.', 3, '2019-04-01 14:06:08', '2019-04-01 14:06:08'),
(34, 85, 'Isaac Armstrong', 'Et non eos ex iure unde. Quas at eum quae natus voluptatem et tenetur. Est officia rerum qui voluptatem nihil et.', 5, '2019-04-01 14:06:08', '2019-04-01 14:06:08'),
(35, 13, 'Prof. Raphael Sawayn', 'Repellat sit in facilis sint nemo architecto nihil aliquid. Vero aperiam blanditiis vitae animi consequatur ut. Tenetur dolor non nostrum similique reiciendis. Soluta quae assumenda aut. Ipsum impedit et aspernatur illo blanditiis cupiditate.', 0, '2019-04-01 14:06:08', '2019-04-01 14:06:08'),
(36, 71, 'Gina Schmeler', 'Et dolor omnis culpa cumque veniam et deserunt. Unde vitae porro repellendus est. Adipisci totam sit recusandae nostrum rem ea. Rerum dolores voluptatibus sunt unde sequi.', 3, '2019-04-01 14:06:08', '2019-04-01 14:06:08'),
(37, 74, 'Violet Fadel', 'Quae itaque libero minus qui voluptas. Vitae nobis autem porro temporibus harum harum ipsam. Cum ea quos suscipit quisquam. Doloribus excepturi ipsa earum repellat beatae deleniti.', 1, '2019-04-01 14:06:08', '2019-04-01 14:06:08'),
(38, 15, 'Dr. Mike McLaughlin', 'Esse ullam tenetur laudantium hic ipsam. Ab beatae deserunt ratione. Provident ea ut nihil voluptate sit corrupti. Est ea similique expedita laudantium non consequatur.', 0, '2019-04-01 14:06:08', '2019-04-01 14:06:08'),
(39, 3, 'Regan Beer IV', 'Odio aperiam minima aperiam id expedita ipsam quisquam. Aut quia quia saepe quia. Illo eos nihil voluptatem magni qui enim.', 2, '2019-04-01 14:06:09', '2019-04-01 14:06:09'),
(40, 87, 'Avery Mitchell IV', 'Voluptas quaerat voluptatibus rerum voluptate aut eligendi. Sapiente et rerum amet soluta cum. Id natus sed id suscipit.', 1, '2019-04-01 14:06:09', '2019-04-01 14:06:09'),
(41, 58, 'Nicklaus Becker Sr.', 'Ut aut ducimus amet odit. Repudiandae esse ea natus dolorum adipisci officiis explicabo. Id labore aut sunt sint quidem laboriosam quam rerum. Accusamus voluptas quis rerum aut rem rerum tenetur. Assumenda veritatis autem expedita ab ut veniam unde minima.', 0, '2019-04-01 14:06:09', '2019-04-01 14:06:09'),
(42, 94, 'Mr. Colin Torphy IV', 'Qui reiciendis impedit eum beatae itaque. Ea asperiores maxime quis dolor. Totam expedita blanditiis ut quos.', 0, '2019-04-01 14:06:09', '2019-04-01 14:06:09'),
(43, 50, 'Eveline Collins', 'Sunt pariatur aperiam corporis quidem dolor quae porro. Facere nostrum fuga autem quo qui error. Quaerat aliquid facere fuga expedita quo reiciendis.', 0, '2019-04-01 14:06:09', '2019-04-01 14:06:09'),
(44, 90, 'Owen O\'Hara', 'Et natus inventore commodi aut eaque quia quo. Asperiores provident doloremque est omnis ut qui. Corporis alias enim quisquam quas ratione.', 2, '2019-04-01 14:06:09', '2019-04-01 14:06:09'),
(45, 13, 'Ashlee Kerluke II', 'Alias quo esse commodi. Numquam eum eum non sed autem. Labore consequatur unde quia non.', 1, '2019-04-01 14:06:09', '2019-04-01 14:06:09'),
(46, 25, 'Otha Wuckert', 'Illum cum amet beatae adipisci facere. Occaecati aliquid qui repellat consequatur repellendus. Pariatur culpa qui explicabo facilis harum. Hic voluptatem voluptates qui et.', 0, '2019-04-01 14:06:09', '2019-04-01 14:06:09'),
(47, 32, 'Mr. Glen Kunde', 'Tempore optio quae enim quo nemo aut. Omnis atque rerum aut deserunt. Voluptatem pariatur atque modi quos adipisci veritatis. Magnam magni facilis non perspiciatis qui.', 0, '2019-04-01 14:06:09', '2019-04-01 14:06:09'),
(48, 20, 'Willy Swaniawski', 'Quam sapiente dignissimos voluptas placeat neque officiis. Nesciunt quas id cupiditate distinctio aut. Modi quo tempora inventore laudantium odio consequatur.', 2, '2019-04-01 14:06:09', '2019-04-01 14:06:09'),
(49, 3, 'Meta Botsford', 'Quia veritatis ducimus aut ducimus fugiat labore. Aut quaerat voluptatem velit aut corporis eius. Molestias placeat repudiandae necessitatibus magnam.', 5, '2019-04-01 14:06:09', '2019-04-01 14:06:09'),
(50, 6, 'Dr. Jordy Stoltenberg PhD', 'At voluptatem aut alias aut. Eligendi quod corporis inventore nihil fugiat enim omnis. Et quo expedita quaerat inventore voluptate laborum voluptates.', 1, '2019-04-01 14:06:09', '2019-04-01 14:06:09'),
(51, 40, 'Aracely Pollich', 'A laudantium explicabo eveniet non laboriosam alias fugiat. Ipsam debitis placeat consectetur eius. Iure molestiae sit non sunt. Reprehenderit fugiat ipsa odit enim nulla dolorum.', 4, '2019-04-01 14:06:09', '2019-04-01 14:06:09'),
(52, 57, 'Mathilde Brakus', 'Quo accusamus maiores ex exercitationem. Vel impedit aut magnam at culpa incidunt. Ullam et quae omnis doloribus. Repellat praesentium harum tenetur vero ut omnis et.', 2, '2019-04-01 14:06:09', '2019-04-01 14:06:09'),
(53, 98, 'Tony O\'Reilly Jr.', 'Voluptates voluptatem recusandae quia consequuntur porro. Provident consectetur nobis occaecati quaerat id dolore et. Rerum nobis debitis est ut incidunt assumenda animi. Laudantium dolores doloribus asperiores aliquam natus.', 2, '2019-04-01 14:06:09', '2019-04-01 14:06:09'),
(54, 93, 'Vilma Hammes II', 'Et et aut consequatur earum est omnis odio. Assumenda placeat voluptatibus quis est et rerum amet ullam. Quis et quia voluptates eaque culpa voluptatum similique.', 5, '2019-04-01 14:06:09', '2019-04-01 14:06:09'),
(55, 72, 'Jaunita Medhurst', 'Velit quae nihil vel quia rem maxime et. Provident adipisci et odit inventore voluptatem a est. Aut aliquam animi dolore sed. Eum molestias officia dolores totam magni iure. Possimus nisi distinctio adipisci laboriosam sit eum ut.', 1, '2019-04-01 14:06:09', '2019-04-01 14:06:09'),
(56, 38, 'Lucie Hudson', 'Sed dolores voluptas quidem reprehenderit. Et beatae incidunt distinctio asperiores. Quisquam odio fugiat ut earum dolorem aut.', 4, '2019-04-01 14:06:09', '2019-04-01 14:06:09'),
(57, 80, 'Prof. Theron Vandervort DDS', 'Doloribus nam aut rerum et ea beatae qui animi. Deleniti vel enim sunt. Soluta molestiae voluptatibus eos qui eius.', 0, '2019-04-01 14:06:09', '2019-04-01 14:06:09'),
(58, 8, 'Willie Bayer', 'Et debitis nihil voluptas et dolor tenetur. Aut vel omnis corporis ut omnis dolorum quod. Ducimus ut ratione maiores. Reprehenderit nihil et soluta aut accusamus.', 0, '2019-04-01 14:06:09', '2019-04-01 14:06:09'),
(59, 59, 'Alexandra Murphy V', 'Qui natus et rerum cupiditate. Vel quae et sunt saepe voluptatum. Laudantium enim id qui voluptas aperiam voluptate. Eum laboriosam fugit et qui. Beatae illum porro porro deserunt in aut.', 1, '2019-04-01 14:06:09', '2019-04-01 14:06:09'),
(60, 60, 'Ms. Rebeca Herzog', 'Id magnam quia numquam hic quam sunt molestias. Est tempora voluptatem ipsam deleniti consequuntur alias. Sed excepturi magnam nihil ab vero. Quia autem molestias in reprehenderit numquam dolorem.', 5, '2019-04-01 14:06:09', '2019-04-01 14:06:09'),
(61, 82, 'Mckenna Doyle', 'Sed corrupti ut inventore animi vel sunt. Officia sed illo quia animi. Sit sed voluptate et.', 5, '2019-04-01 14:06:09', '2019-04-01 14:06:09'),
(62, 33, 'Geovanny Schimmel', 'Quis culpa error qui alias aut ut soluta nobis. Et aliquam et autem distinctio illum suscipit corrupti. Et qui eum omnis laborum quaerat. Repellendus id nihil ut quibusdam aut commodi.', 5, '2019-04-01 14:06:09', '2019-04-01 14:06:09'),
(63, 69, 'Cheyanne Lakin', 'Quaerat ut porro sint nesciunt sunt porro. Sint quo reprehenderit dolor odio. Ut optio suscipit eius et quae quo et quis. Ipsum voluptas at alias ut quaerat. Atque eveniet at fugiat soluta possimus.', 0, '2019-04-01 14:06:09', '2019-04-01 14:06:09'),
(64, 16, 'Cassie Spinka', 'Quasi corrupti recusandae alias quia. Repudiandae possimus officiis neque doloribus cum error dolorum. Ut deleniti veritatis eligendi voluptatibus qui voluptates corporis.', 3, '2019-04-01 14:06:09', '2019-04-01 14:06:09'),
(65, 58, 'Aracely Paucek', 'Ut unde veritatis vero rem ut quam. Doloremque corporis non molestias explicabo. Rerum est dolores distinctio dolores quod.', 5, '2019-04-01 14:06:09', '2019-04-01 14:06:09'),
(66, 13, 'Nicole Towne', 'Qui possimus blanditiis aliquid enim ipsa. Ut non sunt exercitationem sunt nostrum omnis. Magnam eos animi ut fugit facere enim.', 4, '2019-04-01 14:06:09', '2019-04-01 14:06:09'),
(67, 49, 'Prof. Boyd Goldner IV', 'Et totam in quia voluptas. Fuga aut consequatur error corrupti qui molestias et. Nemo aut dolore nisi quibusdam eum autem.', 2, '2019-04-01 14:06:09', '2019-04-01 14:06:09'),
(68, 5, 'Mrs. Tiana Boyle MD', 'Facere quis et voluptatem amet. Aliquam aliquam quaerat magni et quo minus. Exercitationem eos optio saepe. At porro dolores possimus nulla enim. Vitae enim quo voluptas aut.', 1, '2019-04-01 14:06:09', '2019-04-01 14:06:09'),
(69, 27, 'Kareem Maggio', 'Quod assumenda enim facilis ut molestias. Nulla ipsum molestiae deleniti velit libero maxime tempora. Blanditiis maxime ut deleniti et mollitia dignissimos dolore.', 1, '2019-04-01 14:06:10', '2019-04-01 14:06:10'),
(70, 94, 'Mr. Toney Jacobson', 'Officia in totam ut enim porro placeat. Modi possimus eligendi consequuntur et. Ut enim consequuntur asperiores in earum.', 4, '2019-04-01 14:06:10', '2019-04-01 14:06:10'),
(71, 56, 'Renee Reinger', 'Ut omnis libero magni est sed. Est impedit suscipit ipsam possimus iure fugiat. Tempore dolorem voluptatem placeat explicabo nihil omnis quae. Occaecati omnis nesciunt dignissimos omnis voluptas doloremque.', 3, '2019-04-01 14:06:10', '2019-04-01 14:06:10'),
(72, 61, 'Dr. Zakary Nikolaus PhD', 'Ea iste optio molestiae est. Ab consequatur ex quaerat aut provident minima porro voluptatem. Id iusto asperiores sapiente eveniet sapiente ut consectetur. Facilis numquam dicta consectetur eum.', 5, '2019-04-01 14:06:10', '2019-04-01 14:06:10'),
(73, 7, 'Brianne Heidenreich II', 'Occaecati dolorem eius quia ratione. Alias quas molestias enim officia explicabo.', 4, '2019-04-01 14:06:10', '2019-04-01 14:06:10'),
(74, 48, 'Horacio Douglas', 'Consequatur laboriosam nesciunt ducimus laboriosam exercitationem placeat voluptatem. Eum et voluptatem qui quibusdam et. Et facilis ut nisi culpa itaque ratione.', 1, '2019-04-01 14:06:10', '2019-04-01 14:06:10'),
(75, 61, 'Valentin Harris', 'Nihil culpa sint ad deserunt aperiam explicabo consequatur sit. Voluptatem est dolore quo sit excepturi non dolorem. Necessitatibus delectus est hic vero cupiditate nam aliquam. Atque culpa odio ut asperiores.', 0, '2019-04-01 14:06:10', '2019-04-01 14:06:10'),
(76, 38, 'Mr. Ibrahim Emmerich', 'Quae illo commodi sit corporis cumque aliquid. Quidem officiis quod dignissimos et non eaque illo maxime. Repellat possimus distinctio qui. Est sit necessitatibus est ullam harum nihil molestiae.', 0, '2019-04-01 14:06:10', '2019-04-01 14:06:10'),
(77, 100, 'Katherine Gerhold', 'Quaerat et repellat recusandae libero velit quod. Non nobis optio incidunt nesciunt impedit reprehenderit autem sint.', 1, '2019-04-01 14:06:10', '2019-04-01 14:06:10'),
(78, 8, 'Ms. Mozell Rempel V', 'Eaque cumque voluptates ab consequuntur a et. Adipisci et expedita ut assumenda dolorem officiis eaque. Dolor aut consequatur sit maiores.', 1, '2019-04-01 14:06:10', '2019-04-01 14:06:10'),
(79, 89, 'Frank Kemmer', 'Repellendus nobis necessitatibus iure maxime. Ipsa impedit nihil et rerum molestiae sint. Voluptates corrupti possimus doloremque aspernatur a qui. Nisi rerum distinctio est assumenda sed laboriosam dolorem laborum.', 0, '2019-04-01 14:06:10', '2019-04-01 14:06:10'),
(80, 41, 'Armani Hahn', 'Libero voluptatem occaecati omnis. Aut ducimus ut et consequuntur. Neque sapiente est harum voluptas iure nesciunt quisquam est.', 4, '2019-04-01 14:06:10', '2019-04-01 14:06:10'),
(81, 91, 'Beulah Graham', 'Recusandae nobis vitae et totam ipsum. Illum molestiae aut exercitationem et. Ratione incidunt sunt adipisci.', 0, '2019-04-01 14:06:10', '2019-04-01 14:06:10'),
(82, 59, 'Nayeli Vandervort', 'Sint laboriosam alias explicabo dolore iure. Quisquam omnis et fugiat quod.', 3, '2019-04-01 14:06:10', '2019-04-01 14:06:10'),
(83, 99, 'Enoch Upton', 'Mollitia aut recusandae ut et. Qui itaque eum magni dolores. Pariatur amet nostrum rerum enim qui alias enim.', 2, '2019-04-01 14:06:10', '2019-04-01 14:06:10'),
(84, 39, 'Beryl Rohan', 'Aut qui illum deserunt dolores et dolore. Dolor ut tempore ut consectetur cum earum natus eum. Quam aliquid provident aut.', 0, '2019-04-01 14:06:10', '2019-04-01 14:06:10'),
(85, 85, 'Garett Crooks', 'Quo sit officiis qui. Nihil a velit ut quo esse. Nam possimus voluptas aspernatur natus magni fugit. Rem voluptatem nostrum eius facere itaque.', 5, '2019-04-01 14:06:10', '2019-04-01 14:06:10'),
(86, 74, 'Etha Deckow', 'Nulla est numquam facere illum. Fugiat architecto praesentium suscipit adipisci. Tenetur quaerat molestiae voluptas. Dolor sed provident exercitationem neque occaecati vel voluptate.', 2, '2019-04-01 14:06:10', '2019-04-01 14:06:10'),
(87, 76, 'Dr. Ward Kiehn I', 'Eum incidunt soluta voluptas impedit. Omnis voluptas itaque ut aut incidunt dicta beatae. Excepturi adipisci aspernatur sed. Ut quasi odio esse necessitatibus provident.', 2, '2019-04-01 14:06:10', '2019-04-01 14:06:10'),
(88, 90, 'Gina Senger DVM', 'Aspernatur in eum exercitationem iste non quisquam. Nemo laborum error iure dolor. Provident nemo et optio vitae et enim.', 3, '2019-04-01 14:06:10', '2019-04-01 14:06:10'),
(89, 87, 'Jayce Lang', 'Et distinctio voluptatem eos sequi quod. Ipsa ea accusamus reprehenderit quae dolor voluptate perspiciatis. Quod voluptatem ad labore rerum. Veritatis odio veritatis debitis et aperiam.', 3, '2019-04-01 14:06:10', '2019-04-01 14:06:10'),
(90, 6, 'Jaiden Schmitt', 'Eius enim illo rerum magni ea nostrum consectetur dicta. Voluptates qui et molestias a praesentium eligendi recusandae. Doloribus similique dolorum sed repellat.', 4, '2019-04-01 14:06:10', '2019-04-01 14:06:10'),
(91, 74, 'Anastasia Cummings DDS', 'Quia dolor dicta vel excepturi asperiores. Reprehenderit neque sequi perferendis optio id. Distinctio nemo excepturi dolores aut quo nam. Minus esse assumenda ut quibusdam iste.', 0, '2019-04-01 14:06:10', '2019-04-01 14:06:10'),
(92, 54, 'Hilda King', 'Nesciunt autem est similique deleniti vero. Ipsam ex impedit praesentium autem minus. Provident ut error et dolor reiciendis sapiente et. Voluptas eum deserunt rerum voluptas.', 3, '2019-04-01 14:06:10', '2019-04-01 14:06:10'),
(93, 55, 'Florine McClure', 'Sapiente et maiores sint. Omnis quam reiciendis vitae cum quae nulla nobis.', 5, '2019-04-01 14:06:10', '2019-04-01 14:06:10'),
(94, 93, 'Mr. Cecil Ward IV', 'Sit perspiciatis reprehenderit enim nisi autem ullam iste. Ducimus tempora aut corrupti ex autem. Laudantium aliquid id omnis. Et dolores vel distinctio et facere suscipit.', 5, '2019-04-01 14:06:10', '2019-04-01 14:06:10'),
(95, 80, 'Walker Gutmann', 'Eos qui eaque laudantium reiciendis corrupti. Non dolorem harum quo voluptas sint placeat reiciendis. Velit qui voluptas rerum. Quia omnis aut cupiditate dolorum ut ut.', 2, '2019-04-01 14:06:10', '2019-04-01 14:06:10'),
(96, 85, 'Christop Thiel', 'Voluptatem ea omnis ipsum blanditiis in aut. Provident nihil ipsam consequatur molestias ab ex. Est fuga mollitia quo facilis aliquam consequatur. Officia deserunt quibusdam placeat architecto voluptatum eos aperiam.', 3, '2019-04-01 14:06:10', '2019-04-01 14:06:10'),
(97, 14, 'Ned Rice V', 'Blanditiis quisquam qui ea. Voluptatibus explicabo molestiae autem voluptatem. Libero est quo non nostrum placeat.', 3, '2019-04-01 14:06:10', '2019-04-01 14:06:10'),
(98, 92, 'Sabina Hahn', 'Illo est repellat et voluptas voluptatem fuga mollitia nihil. Suscipit et corporis minima perferendis.', 5, '2019-04-01 14:06:10', '2019-04-01 14:06:10'),
(99, 76, 'Adolph Greenholt', 'Quisquam provident ratione nihil perferendis praesentium. In perspiciatis at eligendi accusantium. Et nihil debitis omnis et. Quisquam quia architecto id possimus quo provident et soluta.', 3, '2019-04-01 14:06:11', '2019-04-01 14:06:11'),
(100, 97, 'Stevie Wyman', 'Mollitia sint est magni minus velit. Qui sit et officia autem atque cupiditate rerum. Ut mollitia quia voluptatem dolorem placeat rem.', 3, '2019-04-01 14:06:11', '2019-04-01 14:06:11'),
(101, 66, 'Prof. Violette Medhurst', 'Laborum optio ut rerum sit facilis consequatur voluptate. Vel id deleniti voluptatum earum. Iusto ut ut voluptatem neque minus et aut.', 4, '2019-04-01 14:06:11', '2019-04-01 14:06:11'),
(102, 39, 'Edwin Kemmer', 'Nostrum quo non ut adipisci aut. Quasi rerum magni suscipit expedita aut et dicta. Quidem dolores voluptatem et eum.', 0, '2019-04-01 14:06:11', '2019-04-01 14:06:11'),
(103, 63, 'Cordell Feil', 'Id labore nesciunt adipisci cupiditate. Tempora vel sapiente inventore consequatur ex iusto. Et laborum omnis ullam fuga repudiandae.', 0, '2019-04-01 14:06:11', '2019-04-01 14:06:11'),
(104, 1, 'Dr. Christophe Wuckert', 'Eos consequatur nobis omnis hic libero est. Iste qui quaerat est blanditiis quos alias accusantium. Inventore dicta ut id quibusdam.', 1, '2019-04-01 14:06:11', '2019-04-01 14:06:11'),
(105, 43, 'Penelope Schuster', 'Dignissimos repudiandae soluta aut aut molestias cumque. Dolores est rerum quia est. Vel corporis molestiae ducimus eligendi dolor non.', 2, '2019-04-01 14:06:11', '2019-04-01 14:06:11'),
(106, 3, 'Prof. Tiara Ryan', 'In sint ut sed impedit voluptatem. Provident exercitationem quo esse recusandae iusto distinctio tempore. Perferendis autem alias eum quia asperiores voluptates voluptas.', 2, '2019-04-01 14:06:11', '2019-04-01 14:06:11'),
(107, 4, 'Krystal Aufderhar', 'Et et quis nisi. Ut ut qui nostrum. Inventore voluptatem non sunt sapiente.', 5, '2019-04-01 14:06:11', '2019-04-01 14:06:11'),
(108, 16, 'Hallie McCullough', 'Numquam ipsam id optio minus totam qui laudantium est. Consequatur quibusdam recusandae perspiciatis quo omnis sed ratione.', 0, '2019-04-01 14:06:11', '2019-04-01 14:06:11'),
(109, 18, 'Caitlyn Morar', 'Praesentium consectetur ut aut reprehenderit ipsam porro aliquid. Quasi voluptatem qui expedita doloremque enim ipsum ut. Non consequatur molestiae dolor harum sed error hic alias.', 4, '2019-04-01 14:06:11', '2019-04-01 14:06:11'),
(110, 7, 'Mr. Ahmed O\'Conner IV', 'Dolor aliquid ab quis tempora sunt. Nemo provident qui eligendi in iure. Earum quisquam consequuntur occaecati est labore hic quam. Enim at atque rerum.', 3, '2019-04-01 14:06:11', '2019-04-01 14:06:11'),
(111, 73, 'Quincy Kautzer', 'Voluptates eaque natus fuga iste dicta molestiae sed. Officia voluptatibus doloremque molestiae commodi. Distinctio est asperiores ut consequuntur repudiandae ut et. Et minima praesentium ipsam corrupti et.', 2, '2019-04-01 14:06:11', '2019-04-01 14:06:11'),
(112, 54, 'Heather Zulauf', 'Qui consequatur dolor ut sunt reprehenderit voluptatem suscipit dolores. Ea quos eos illum accusamus fugit. Repudiandae et excepturi eum suscipit earum occaecati sint. Impedit assumenda dolorum ducimus veniam mollitia.', 2, '2019-04-01 14:06:11', '2019-04-01 14:06:11'),
(113, 90, 'Mr. Randy Lynch I', 'Nemo non id ipsa sed velit. Dolorum necessitatibus atque excepturi ut quia. Quae velit consequatur distinctio doloribus cupiditate id.', 0, '2019-04-01 14:06:11', '2019-04-01 14:06:11'),
(114, 3, 'Taurean Ebert', 'Impedit et harum consequuntur velit suscipit. Iste totam repellendus dolorum autem distinctio. Ut officiis accusamus dolores sed cupiditate sed. Dolor quia illum veritatis repellendus.', 1, '2019-04-01 14:06:11', '2019-04-01 14:06:11'),
(115, 7, 'Alexis Wunsch III', 'Similique rerum alias impedit aspernatur nulla nisi ab quis. Beatae omnis beatae porro minus quam. Voluptatem beatae quo eum doloribus rerum et qui quos. Laborum rerum ea reprehenderit ut et illum est.', 1, '2019-04-01 14:06:11', '2019-04-01 14:06:11'),
(116, 38, 'Dulce Okuneva', 'Et soluta corporis quis. Velit perspiciatis dolor expedita vero repellendus. Tempora rerum eius repellendus rerum enim ut.', 0, '2019-04-01 14:06:11', '2019-04-01 14:06:11'),
(117, 78, 'Maverick Hudson', 'Officia dolorem quod animi. Hic tenetur consequatur numquam nobis libero ut assumenda.', 5, '2019-04-01 14:06:11', '2019-04-01 14:06:11'),
(118, 96, 'Ms. Noemi Satterfield V', 'Laboriosam fuga possimus aut dolores. Et et sit voluptatem magni possimus quia commodi autem. Sint itaque labore deleniti.', 0, '2019-04-01 14:06:11', '2019-04-01 14:06:11'),
(119, 88, 'Braden Friesen IV', 'Iure velit assumenda libero qui quibusdam doloribus. Ut voluptatem maxime recusandae cumque. Aperiam tempore natus corrupti dolore similique et et. Ullam aliquid ipsum et aut quis quae ab.', 3, '2019-04-01 14:06:11', '2019-04-01 14:06:11'),
(120, 10, 'Helmer Johnson', 'Autem quia harum enim itaque et aut. Excepturi omnis dolores optio nihil in eum. Incidunt accusamus qui hic. Nobis cum ea eos ex et perferendis animi ut. Voluptas tempore sed repellat reprehenderit aut.', 0, '2019-04-01 14:06:11', '2019-04-01 14:06:11'),
(121, 11, 'Greta Zemlak', 'Ea facere tempora et et impedit. Molestias autem nobis accusantium ad assumenda aut. Aliquid laudantium dolorem ab recusandae maiores exercitationem. In reprehenderit laborum totam dolorum minus deleniti porro dignissimos.', 0, '2019-04-01 14:06:11', '2019-04-01 14:06:11'),
(122, 3, 'Cierra Quitzon', 'Sed totam nobis alias porro molestiae officia. Quia qui vero vitae. Illum eaque odio sed voluptatum et et. Qui ut adipisci odit est necessitatibus.', 4, '2019-04-01 14:06:11', '2019-04-01 14:06:11'),
(123, 51, 'Rachelle Sanford', 'Quas sint et rem consequatur voluptatem corrupti. Vel possimus sint laudantium nihil corrupti hic. Nam eveniet nostrum impedit et voluptatem adipisci corrupti. Fugiat sapiente ullam eos facilis debitis. Non accusantium illo asperiores ut.', 3, '2019-04-01 14:06:11', '2019-04-01 14:06:11'),
(124, 28, 'Prof. Jamison Renner', 'Accusantium consequuntur facere consequuntur eum aliquam minus. Odit rerum non voluptatem est consequuntur qui aliquam. Reprehenderit quia rerum at et nostrum. Sit deserunt et sed autem ipsa debitis.', 0, '2019-04-01 14:06:12', '2019-04-01 14:06:12'),
(125, 33, 'Domenic Goldner', 'Est qui quis ipsam iure veniam. Maiores enim magnam autem reiciendis consequatur eius. Vero id est sequi id.', 4, '2019-04-01 14:06:12', '2019-04-01 14:06:12'),
(126, 30, 'Felicia McCullough', 'Recusandae voluptatem et quas quam molestiae sunt. Eum maxime at accusantium ullam voluptas. Laudantium et omnis sunt earum dolores in velit.', 2, '2019-04-01 14:06:12', '2019-04-01 14:06:12'),
(127, 42, 'Cassie Ledner', 'Consectetur illum deleniti soluta impedit nostrum enim delectus. Cupiditate mollitia accusantium odio consequatur. Delectus rerum maiores dolorem labore dolorem. Ducimus nihil facilis qui id ex reprehenderit pariatur.', 1, '2019-04-01 14:06:12', '2019-04-01 14:06:12'),
(128, 58, 'Hilda Kuhn MD', 'Nostrum laborum blanditiis nobis nobis ea. Ea omnis doloremque non illo autem beatae. Autem necessitatibus asperiores expedita qui mollitia aut corrupti reiciendis.', 4, '2019-04-01 14:06:12', '2019-04-01 14:06:12'),
(129, 12, 'Miss Loma Hansen PhD', 'Quasi reiciendis debitis quam architecto sed odit ut. Quo praesentium suscipit consequuntur veritatis aut quo neque. Neque ea dolor laudantium omnis officia harum voluptas ipsa. Esse illo ab modi voluptatem.', 1, '2019-04-01 14:06:12', '2019-04-01 14:06:12'),
(130, 89, 'Roman Sawayn II', 'Nihil deserunt dicta laboriosam ratione. Sint omnis minus animi qui. Repudiandae hic eos et natus animi explicabo hic. Possimus est et rerum qui accusantium. Eos debitis fugit voluptatum cum consequatur quia ipsum autem.', 1, '2019-04-01 14:06:12', '2019-04-01 14:06:12'),
(131, 26, 'Prof. Aimee Lueilwitz', 'Aut error nobis accusantium. Et labore placeat voluptatibus odit.', 3, '2019-04-01 14:06:12', '2019-04-01 14:06:12'),
(132, 77, 'Ms. Maci Pouros', 'Deleniti ut nostrum accusantium qui aut aspernatur. Deserunt praesentium aut repudiandae. Harum perspiciatis deleniti id voluptates ducimus temporibus. Odit est labore nihil sunt.', 2, '2019-04-01 14:06:12', '2019-04-01 14:06:12'),
(133, 89, 'Chaz Macejkovic', 'Vitae quae necessitatibus a iste voluptatem rerum qui. Laborum culpa ullam perferendis et nobis quo distinctio. Nemo neque ex corporis in cumque ipsa deserunt maiores.', 3, '2019-04-01 14:06:12', '2019-04-01 14:06:12'),
(134, 44, 'Dr. Christophe Yundt III', 'Qui unde ut odio. Dolores ad qui error excepturi enim delectus. Qui rem enim provident ea totam. Labore harum reiciendis dolor temporibus. Sint eligendi doloremque est rerum odio.', 3, '2019-04-01 14:06:12', '2019-04-01 14:06:12'),
(135, 3, 'Deondre Schneider V', 'Modi voluptatem debitis accusamus consequatur adipisci rem. Asperiores rerum vitae dolor qui non ut. Atque ut quia nulla exercitationem ea accusamus. Sapiente veniam commodi vel et.', 3, '2019-04-01 14:06:12', '2019-04-01 14:06:12'),
(136, 78, 'Tracey Parker', 'Ab excepturi ab neque aliquid. Voluptate officiis quas aliquid et itaque voluptate.', 5, '2019-04-01 14:06:12', '2019-04-01 14:06:12'),
(137, 55, 'Sonny Schinner Sr.', 'Pariatur hic assumenda aut sint. Voluptates dolorum ex et debitis. Et ea esse eius aperiam eveniet aspernatur deleniti. Laborum perspiciatis illum molestias sit ut et.', 3, '2019-04-01 14:06:12', '2019-04-01 14:06:12'),
(138, 37, 'Ned Price', 'Suscipit explicabo aliquid ut amet qui. Consequatur vitae blanditiis dolor porro magni praesentium. Qui recusandae rerum repellat sed iste. Esse quaerat voluptatem laudantium autem sapiente pariatur commodi quas.', 5, '2019-04-01 14:06:12', '2019-04-01 14:06:12'),
(139, 56, 'Mr. Tyrese Rolfson', 'Consectetur eos autem corporis est rerum tempora inventore. Culpa repudiandae vero quibusdam autem voluptas in at. Quia facere quisquam voluptas ut reprehenderit. Nihil ab fugit aut explicabo maiores laudantium consectetur.', 1, '2019-04-01 14:06:12', '2019-04-01 14:06:12'),
(140, 36, 'Prof. Alejandrin Heathcote', 'Rerum eum aut qui qui aliquam. Et quod quis qui incidunt praesentium sunt. Quis labore nihil vel ea quia eaque.', 1, '2019-04-01 14:06:12', '2019-04-01 14:06:12'),
(141, 74, 'Bria Raynor', 'Molestiae non laborum eos et voluptas et. Id aut suscipit facilis quibusdam ipsa est et. Ex magnam aut vel dolorem voluptatem.', 1, '2019-04-01 14:06:12', '2019-04-01 14:06:12'),
(142, 79, 'Dovie Williamson DVM', 'Placeat quo in tenetur et dolorem et. Enim ea maxime enim.', 2, '2019-04-01 14:06:12', '2019-04-01 14:06:12'),
(143, 71, 'Prof. Kenyatta Ruecker', 'Aut et laboriosam et voluptas ea delectus veritatis. Ut eos aliquam impedit voluptas asperiores.', 4, '2019-04-01 14:06:12', '2019-04-01 14:06:12'),
(144, 20, 'Anais Kulas', 'Nemo deserunt ut est assumenda quas. Et sit vel quis. Sit ducimus dignissimos sunt incidunt qui maxime sit.', 3, '2019-04-01 14:06:12', '2019-04-01 14:06:12'),
(145, 3, 'Lucie Smith PhD', 'Veritatis reiciendis iste occaecati et et dolorum fuga ab. Sunt autem et libero facilis velit quia aliquid. Et ipsa aspernatur est voluptas.', 3, '2019-04-01 14:06:12', '2019-04-01 14:06:12'),
(146, 57, 'Ole Stokes V', 'Ab nobis omnis vel beatae. Sit ipsum occaecati doloribus officia itaque perferendis non. Eos aliquid aspernatur quod iure rem sed aliquam. Itaque in tempora molestiae est.', 0, '2019-04-01 14:06:12', '2019-04-01 14:06:12'),
(147, 97, 'Alexandre Grimes', 'Et quia ut sint iusto consequuntur autem. Iure alias impedit eum praesentium. Quia id id rem placeat.', 4, '2019-04-01 14:06:12', '2019-04-01 14:06:12'),
(148, 66, 'Mallie Pfeffer', 'Veritatis molestiae voluptatibus qui incidunt sed enim. Delectus modi eum quidem architecto reiciendis sunt omnis. Ut sunt molestias ratione quas. Voluptas doloribus sint et laudantium et adipisci.', 1, '2019-04-01 14:06:12', '2019-04-01 14:06:12'),
(149, 87, 'William McCullough', 'Voluptatem ut rerum hic delectus harum explicabo rerum quo. Tempora ut aut minima dolores autem voluptate. Vel qui quod at quasi rerum qui.', 4, '2019-04-01 14:06:13', '2019-04-01 14:06:13'),
(150, 21, 'Kailee Armstrong V', 'Voluptas rerum officiis non suscipit numquam optio accusantium. Iure suscipit amet sit quo omnis.', 3, '2019-04-01 14:06:13', '2019-04-01 14:06:13'),
(151, 35, 'Brenda Prosacco', 'Voluptates consequuntur reprehenderit doloremque quidem enim vitae illum. Mollitia ab ullam ea voluptatem veritatis. Eum corrupti amet nulla perferendis consequatur adipisci modi accusamus. Ipsa reprehenderit sint quis necessitatibus deleniti enim porro.', 5, '2019-04-01 14:06:13', '2019-04-01 14:06:13'),
(152, 7, 'Dr. Norris Heidenreich', 'Sit nihil fugit et non optio officia aperiam. Odit labore est temporibus nihil nisi fugit. Ullam inventore facere aspernatur numquam aut. At dolores odio consequatur reprehenderit et.', 4, '2019-04-01 14:06:13', '2019-04-01 14:06:13'),
(153, 5, 'Avery Gaylord', 'Repellat commodi dolor ad maxime maxime placeat sunt. Quibusdam iste omnis labore ut natus. Reiciendis temporibus debitis repudiandae.', 4, '2019-04-01 14:06:13', '2019-04-01 14:06:13'),
(154, 47, 'Breanna Bartell', 'Aut quisquam quibusdam maxime eum enim quod. Amet sed unde dolores architecto labore aut. Officia recusandae dolores aut qui.', 5, '2019-04-01 14:06:13', '2019-04-01 14:06:13'),
(155, 75, 'Mrs. Elena Reilly DVM', 'Ullam corrupti quia ad consequatur unde saepe tenetur. Veritatis dolorem possimus omnis fuga corporis commodi sint in. Non voluptatibus assumenda porro minus quia voluptas est. Repudiandae omnis veritatis tempora vitae fugit quis.', 0, '2019-04-01 14:06:13', '2019-04-01 14:06:13'),
(156, 42, 'Jillian Ledner', 'Beatae aut consequatur ut voluptatem. Doloribus libero quibusdam sint doloremque hic et. Odio a et doloribus eius quis nobis. Placeat enim sequi aliquid enim placeat ea quibusdam.', 2, '2019-04-01 14:06:13', '2019-04-01 14:06:13'),
(157, 13, 'Jalyn Cassin', 'Incidunt exercitationem rem enim est. Aliquid tempora saepe et et recusandae ipsam rerum. Ipsum aperiam architecto placeat excepturi odio dolorum in unde. Ut commodi aspernatur deserunt et earum.', 0, '2019-04-01 14:06:13', '2019-04-01 14:06:13'),
(158, 86, 'Tobin Crona DDS', 'Qui neque libero quo id autem necessitatibus. Qui perferendis repellendus qui rerum necessitatibus aut placeat.', 2, '2019-04-01 14:06:13', '2019-04-01 14:06:13'),
(159, 76, 'Madilyn Zemlak', 'Ducimus numquam est voluptatibus esse deleniti voluptas tenetur. Quae quo voluptas et nihil minima sunt incidunt. Ad atque labore quasi enim qui voluptatem magni. Repudiandae quaerat delectus enim hic accusantium.', 2, '2019-04-01 14:06:13', '2019-04-01 14:06:13'),
(160, 79, 'Dr. Paul Schuppe', 'Omnis rerum ut vero expedita. Deleniti minima rerum nesciunt error. Aut quia ut ex quia consequatur officia vitae.', 5, '2019-04-01 14:06:13', '2019-04-01 14:06:13'),
(161, 48, 'Esperanza Schultz', 'Quibusdam rerum fuga reprehenderit dolores veniam. Atque laboriosam et et culpa omnis.', 1, '2019-04-01 14:06:13', '2019-04-01 14:06:13'),
(162, 11, 'Mrs. Marcelina Auer', 'A hic quia dolores debitis adipisci nihil vero. Voluptatibus temporibus error totam et quae suscipit. Tenetur temporibus et dolores modi enim eum magni quis. Temporibus doloribus itaque atque alias a molestiae pariatur.', 4, '2019-04-01 14:06:13', '2019-04-01 14:06:13'),
(163, 33, 'Ayana Douglas', 'Nesciunt et illo eos commodi sit. Quibusdam aut harum voluptatum molestias quas ducimus voluptates quis. Odio molestiae esse voluptatem consectetur sint.', 3, '2019-04-01 14:06:13', '2019-04-01 14:06:13'),
(164, 39, 'Mrs. Addison Kshlerin', 'Qui quas unde veniam et aut accusamus. Quaerat voluptatum autem magni saepe. Aut in et enim consectetur et enim perferendis. Exercitationem fugiat eum earum consequatur labore repellat.', 5, '2019-04-01 14:06:13', '2019-04-01 14:06:13'),
(165, 2, 'Miss Christina Homenick', 'Temporibus in sit quia distinctio omnis quia recusandae. Nihil molestias aut rerum et aut et numquam. Dolore sit non fuga qui hic provident nemo. Et enim eos quia pariatur.', 0, '2019-04-01 14:06:13', '2019-04-01 14:06:13'),
(166, 18, 'Deron Kessler', 'Incidunt vitae et perferendis et. Nostrum ea consequatur culpa nihil sint placeat. A rerum qui rem at.', 5, '2019-04-01 14:06:13', '2019-04-01 14:06:13'),
(167, 17, 'Amalia Barton', 'Omnis magnam illum assumenda aliquam qui vero. Corporis eaque facilis qui voluptatem.', 2, '2019-04-01 14:06:13', '2019-04-01 14:06:13'),
(168, 49, 'Augustus Stokes', 'Facere harum molestiae autem consectetur sed eum. Vitae ut modi eum sequi occaecati qui quasi.', 2, '2019-04-01 14:06:13', '2019-04-01 14:06:13'),
(169, 95, 'Twila Witting DDS', 'Porro veritatis consequatur tenetur sunt reiciendis aspernatur reiciendis. Aperiam esse aspernatur aspernatur tempore sit. Quis optio consequuntur molestiae ducimus ratione optio quia. Et qui est facilis consequatur nobis consequatur.', 4, '2019-04-01 14:06:13', '2019-04-01 14:06:13'),
(170, 28, 'Prof. Grant Simonis II', 'Delectus nostrum perferendis in exercitationem facilis quo repudiandae. Accusantium et veritatis et quae eveniet tempore alias. Repellat modi non dicta deleniti sequi eos fuga. Corrupti doloribus numquam qui eligendi repellat quo nihil. Sunt occaecati animi consequatur iste vero doloribus.', 1, '2019-04-01 14:06:13', '2019-04-01 14:06:13'),
(171, 90, 'Caleb Morissette IV', 'Sit excepturi rerum amet aliquam tenetur ducimus ducimus. Reiciendis ad nesciunt inventore. Sit est non deserunt.', 2, '2019-04-01 14:06:13', '2019-04-01 14:06:13'),
(172, 92, 'Garfield Lemke', 'Quas repellendus sed voluptatibus reprehenderit quisquam. Unde numquam atque officiis omnis maxime provident natus. Amet dolor nam est. Quisquam aliquam commodi culpa amet at.', 0, '2019-04-01 14:06:13', '2019-04-01 14:06:13'),
(173, 23, 'Douglas Gulgowski II', 'Distinctio et ut et perspiciatis reiciendis. Voluptate deserunt ut odio eum. Assumenda commodi cumque in qui. Adipisci quae dolorem et rerum ipsam et.', 0, '2019-04-01 14:06:13', '2019-04-01 14:06:13'),
(174, 86, 'Toney Koepp', 'Fugiat non atque ipsum voluptas et. Sapiente dicta illo cupiditate ut. Quis voluptas nesciunt in est. Quo sunt rerum aut doloremque voluptatum et.', 5, '2019-04-01 14:06:13', '2019-04-01 14:06:13'),
(175, 27, 'Theresia Abshire', 'Omnis facilis id dolor saepe atque. Sit doloremque vel voluptatem ducimus sunt. Aut ab non fugit aperiam non. Voluptatem autem quos eligendi ut quia enim sint.', 1, '2019-04-01 14:06:13', '2019-04-01 14:06:13'),
(176, 100, 'Jewell Borer I', 'Aliquam cum quia fugit omnis esse officia est provident. Quod est porro corrupti neque pariatur vero quas. Qui tenetur ex molestiae quo qui occaecati amet aut.', 3, '2019-04-01 14:06:13', '2019-04-01 14:06:13'),
(177, 35, 'Jarvis Beatty', 'Qui ratione ut expedita quas consequatur. Aut a nihil reiciendis. Earum eum eum itaque ut saepe dolorem itaque aut.', 2, '2019-04-01 14:06:13', '2019-04-01 14:06:13'),
(178, 63, 'Virgil Gaylord Sr.', 'Et minima aut ipsam consequatur. Rerum omnis quaerat totam rerum placeat aut deleniti. Quo sit quia neque eos rerum adipisci.', 3, '2019-04-01 14:06:13', '2019-04-01 14:06:13'),
(179, 37, 'Vince Koelpin Sr.', 'Ea vero consectetur laborum voluptas cupiditate rerum. Perspiciatis culpa omnis expedita fugiat dolores. Magnam ex magni molestias maxime tempora magnam eveniet magni.', 2, '2019-04-01 14:06:13', '2019-04-01 14:06:13'),
(180, 45, 'Dr. Aiden Breitenberg Sr.', 'Consequatur rem distinctio voluptatum qui autem et. Vitae iste dolores atque et neque. Vero ipsam aut quam eveniet. Eos eius voluptatem molestiae dolor nam quam qui debitis.', 4, '2019-04-01 14:06:13', '2019-04-01 14:06:13'),
(181, 65, 'Conner Vandervort', 'Modi facilis earum voluptas aspernatur autem. Soluta cum ut placeat explicabo et quod nihil. Accusamus architecto quos nostrum nihil id recusandae facere.', 5, '2019-04-01 14:06:13', '2019-04-01 14:06:13'),
(182, 26, 'Miss Roslyn Donnelly I', 'Pariatur qui ex culpa cum et eveniet ut ut. Et in odit quo. Ut inventore nobis dolor dicta quos.', 4, '2019-04-01 14:06:13', '2019-04-01 14:06:13'),
(183, 7, 'Eliseo Kirlin', 'Aut at numquam illum dolorum tenetur. Cumque omnis adipisci fugiat similique.', 0, '2019-04-01 14:06:14', '2019-04-01 14:06:14'),
(184, 57, 'Nellie Crooks', 'Et vero quibusdam et id aperiam et dolorem. Perspiciatis hic rem aliquid. Totam perferendis eos reiciendis optio corporis dolore aut. Illum qui enim quod sunt architecto tempore.', 3, '2019-04-01 14:06:14', '2019-04-01 14:06:14'),
(185, 87, 'Mr. Derrick Emard IV', 'Veritatis consequuntur optio et ut magni. Quia ut sint voluptatibus dolores accusantium eum dicta accusamus. Blanditiis distinctio debitis labore aut eum. Mollitia voluptas omnis quis qui.', 5, '2019-04-01 14:06:14', '2019-04-01 14:06:14'),
(186, 63, 'Arden O\'Conner', 'Aut omnis aperiam quia. Cupiditate ab quia autem vel beatae.', 3, '2019-04-01 14:06:14', '2019-04-01 14:06:14'),
(187, 40, 'Camille Koss', 'Itaque tempora eos voluptatem odit iusto autem. Qui dolor et reiciendis qui non aspernatur iste blanditiis. Voluptatem fugiat est ipsa sed et dolore magni. Labore fugiat et in et voluptas quis.', 5, '2019-04-01 14:06:14', '2019-04-01 14:06:14'),
(188, 4, 'Tania Cruickshank', 'Repellendus ea dolore id at. Aliquam dolor error accusamus quo. Magnam nulla perspiciatis maiores eos.', 5, '2019-04-01 14:06:14', '2019-04-01 14:06:14'),
(189, 62, 'Dr. Oswaldo Heaney III', 'Minima alias voluptas repudiandae. Itaque dolorum tempore qui alias optio. Blanditiis voluptatem et earum magnam eveniet. Eos error ut facere totam.', 2, '2019-04-01 14:06:14', '2019-04-01 14:06:14'),
(190, 89, 'Reagan Padberg', 'Suscipit reiciendis in excepturi. Et non tempore ex possimus. Nobis rerum architecto cum beatae aut ut.', 3, '2019-04-01 14:06:14', '2019-04-01 14:06:14'),
(191, 47, 'Sterling Stokes', 'Ea et enim est debitis. Aut omnis sapiente harum ut quo. Maxime labore rem accusamus aut rerum.', 0, '2019-04-01 14:06:14', '2019-04-01 14:06:14'),
(192, 35, 'Bruce Kris', 'Quidem velit eum nihil dolores. Autem quod quae corrupti non. Repellendus itaque nesciunt inventore aspernatur doloribus.', 3, '2019-04-01 14:06:14', '2019-04-01 14:06:14'),
(193, 4, 'Tracey Volkman', 'Aut libero occaecati eligendi natus sed ut. Reiciendis quis corporis quam natus necessitatibus. Sed fuga minima fugiat assumenda quos esse. Dicta omnis provident debitis.', 2, '2019-04-01 14:06:14', '2019-04-01 14:06:14'),
(194, 15, 'Cora Conroy', 'Ut id ab corporis ratione odit est in aliquid. Ut qui voluptas ut vitae. Tempora numquam eos repellat ipsam velit.', 3, '2019-04-01 14:06:14', '2019-04-01 14:06:14'),
(195, 2, 'Margarita Zemlak Sr.', 'Blanditiis sed quidem deleniti praesentium. Cum perferendis dolore et quae iure est iusto delectus. Velit eligendi odio culpa aperiam.', 5, '2019-04-01 14:06:14', '2019-04-01 14:06:14'),
(196, 8, 'Steve Rutherford Sr.', 'Iusto est qui quo quia ea fuga aut delectus. Omnis distinctio unde consectetur dolore omnis. Et perferendis aspernatur qui.', 1, '2019-04-01 14:06:14', '2019-04-01 14:06:14'),
(197, 85, 'Donnell Will', 'Molestiae illum minima rerum sed quaerat minus praesentium eveniet. Rerum neque qui qui natus. Ut nihil qui nihil deserunt voluptas. Omnis illo quisquam cupiditate ab.', 4, '2019-04-01 14:06:14', '2019-04-01 14:06:14'),
(198, 76, 'Bartholome Ernser', 'Explicabo asperiores quod minus qui nobis natus aspernatur. Velit excepturi illum dicta placeat ea repellendus. Voluptatem delectus ut sit impedit. Ea repellat veritatis qui autem tenetur.', 0, '2019-04-01 14:06:14', '2019-04-01 14:06:14'),
(199, 100, 'Trudie Shanahan', 'Ipsa ipsam illo tempora quas ut explicabo velit. Ut quaerat aut nesciunt sapiente dolorem fugit. Rerum et aliquid quisquam.', 0, '2019-04-01 14:06:14', '2019-04-01 14:06:14'),
(200, 55, 'Dr. Ella Thiel', 'Ea qui corporis occaecati eius totam enim. Excepturi consectetur praesentium dignissimos nostrum quis aut qui. Sit autem voluptas id deleniti. In nobis labore harum itaque sint consequatur. Et aspernatur tempora beatae corporis ut perspiciatis dolore consequatur.', 4, '2019-04-01 14:06:14', '2019-04-01 14:06:14'),
(201, 50, 'Prof. Herman Macejkovic', 'Sunt voluptas repellendus exercitationem perferendis. Et libero dolor delectus qui nobis et odio eum. Ea quibusdam quae ut. Laboriosam ipsam dignissimos quo. Sunt explicabo sunt ipsum.', 3, '2019-04-01 14:06:14', '2019-04-01 14:06:14'),
(202, 61, 'Clotilde Aufderhar', 'Voluptatum sed iste a eius quas vero nesciunt. Culpa repellat nemo et. Aut earum amet atque itaque et accusamus consectetur. Voluptatem placeat praesentium ut.', 1, '2019-04-01 14:06:14', '2019-04-01 14:06:14'),
(203, 40, 'Winifred Yundt I', 'Nostrum aut earum assumenda sit assumenda ipsum. Omnis iste voluptatibus autem nisi nesciunt. Dolorem sit esse adipisci rem dolores dolorem. Nihil et neque esse voluptas qui earum et quis.', 2, '2019-04-01 14:06:14', '2019-04-01 14:06:14'),
(204, 47, 'Ms. Tia Swift IV', 'Suscipit reprehenderit doloribus iste. Consequatur exercitationem sit deleniti dolor est rerum aperiam. Ullam praesentium quia maxime velit.', 3, '2019-04-01 14:06:14', '2019-04-01 14:06:14'),
(205, 78, 'Mrs. Chanelle Torphy', 'Dolores quia ut veritatis adipisci ut nulla officiis rerum. Et error iure voluptate nihil. Quia aut quis magni cupiditate dignissimos natus.', 3, '2019-04-01 14:06:14', '2019-04-01 14:06:14'),
(206, 51, 'Landen Kozey', 'Quia illo asperiores velit sint est molestias quisquam. Consequatur recusandae dolores animi officiis sed. Asperiores et totam cum provident et voluptate.', 1, '2019-04-01 14:06:14', '2019-04-01 14:06:14'),
(207, 63, 'Joshuah Kub II', 'Dicta totam distinctio fugiat dolorem accusamus. Facilis illum ea libero quo. Aliquam est quisquam aut esse blanditiis.', 3, '2019-04-01 14:06:15', '2019-04-01 14:06:15'),
(208, 7, 'Tate Kuhlman', 'Hic adipisci aperiam ducimus eum eum sunt sed. Aliquid quae molestiae aliquam repellat laborum corporis. Reprehenderit nihil fugit recusandae autem odit excepturi non. Sapiente fuga consequatur reiciendis ipsa expedita quaerat.', 5, '2019-04-01 14:06:15', '2019-04-01 14:06:15'),
(209, 41, 'Dr. Kamren Goldner I', 'Corporis et at vel fugiat facere a debitis. Et quas ad deserunt sed recusandae illum. Omnis enim voluptas voluptas eos excepturi culpa. Dolorem vel atque quae natus.', 1, '2019-04-01 14:06:15', '2019-04-01 14:06:15'),
(210, 32, 'Ford Krajcik', 'Id quibusdam eius voluptatibus delectus voluptate dolores numquam. Nobis nesciunt sed inventore qui. Nesciunt officia sequi et facilis aut vitae. Veritatis necessitatibus optio quo voluptate.', 3, '2019-04-01 14:06:15', '2019-04-01 14:06:15'),
(211, 72, 'Alejandrin Hickle IV', 'Atque voluptas rem est error quisquam. Dolor magnam eaque repellendus dolore. Quasi temporibus labore vitae laboriosam qui ea.', 1, '2019-04-01 14:06:15', '2019-04-01 14:06:15');
INSERT INTO `reviews` (`id`, `product_id`, `customer`, `review`, `star`, `created_at`, `updated_at`) VALUES
(212, 6, 'Ms. Noemie Heller', 'Saepe illo est nobis praesentium quas. Molestias incidunt iure sequi autem occaecati. Voluptatem molestiae optio iste quis. Earum nobis explicabo voluptatem nam officiis.', 2, '2019-04-01 14:06:15', '2019-04-01 14:06:15'),
(213, 56, 'Mason Dietrich Sr.', 'Quis qui praesentium vitae facere necessitatibus libero. Velit exercitationem laborum est. Molestias possimus quos quia praesentium.', 5, '2019-04-01 14:06:15', '2019-04-01 14:06:15'),
(214, 25, 'Colby Sipes', 'Ut autem fugit aliquam est. Nobis culpa distinctio nihil est. Ut odit fugiat quia tempore.', 2, '2019-04-01 14:06:15', '2019-04-01 14:06:15'),
(215, 96, 'Oliver Kiehn', 'Voluptas magni culpa ut ea accusamus corporis quis. Deserunt nesciunt animi vitae consequuntur. Sint rerum amet ut nam ipsa eos deleniti et. Earum repellat iusto est molestiae iste. Est ut nihil quia dolores minus atque.', 1, '2019-04-01 14:06:15', '2019-04-01 14:06:15'),
(216, 43, 'Lula Walter', 'Amet laudantium hic sed asperiores blanditiis aut. Magni et ipsa molestiae cupiditate sit consequatur nesciunt. Suscipit et excepturi dolorem. Dolor iste velit sed optio cupiditate repellendus quis.', 1, '2019-04-01 14:06:15', '2019-04-01 14:06:15'),
(217, 94, 'Dr. Joey Rice', 'Nam est sunt sunt et adipisci eos quod doloribus. Illo labore voluptatem veritatis temporibus nam. Et id omnis eveniet nihil. Ad sunt eos perspiciatis est ducimus.', 4, '2019-04-01 14:06:15', '2019-04-01 14:06:15'),
(218, 6, 'Keely Gaylord', 'Voluptatem officiis iure velit et vitae. Veniam ab eos est alias. Non nam illo dolor assumenda incidunt sit ea. Provident sit et nihil cumque. Ut commodi voluptatem pariatur qui soluta.', 4, '2019-04-01 14:06:15', '2019-04-01 14:06:15'),
(219, 62, 'Miss Fabiola West', 'Ullam tenetur ad incidunt unde. Necessitatibus alias sit quia voluptas. Inventore officia est rerum eos. Debitis earum ducimus eaque aut.', 0, '2019-04-01 14:06:15', '2019-04-01 14:06:15'),
(220, 31, 'Abbie Koss III', 'Nobis laboriosam excepturi non in quia eos. Consequatur aut nam non dignissimos in eius recusandae. Ut perferendis dolore animi eos asperiores laborum nihil molestias. Et ex veritatis illum est et quia.', 0, '2019-04-01 14:06:15', '2019-04-01 14:06:15'),
(221, 21, 'Rae Kohler', 'Odit quis voluptatem ducimus et rerum vitae natus sit. Voluptatum delectus vero est.', 2, '2019-04-01 14:06:15', '2019-04-01 14:06:15'),
(222, 33, 'Lawson Veum', 'Est veniam quia reiciendis blanditiis repudiandae sit quaerat. Necessitatibus fugit odit sapiente veniam ex sint ducimus.', 0, '2019-04-01 14:06:15', '2019-04-01 14:06:15'),
(223, 37, 'Johanna Rohan', 'Nostrum libero fugit provident. Nesciunt voluptas blanditiis unde enim sed ut. Nesciunt hic rerum vero vero. Porro molestiae nostrum facilis et repellat ea minima. Tenetur quia nihil et suscipit amet.', 3, '2019-04-01 14:06:15', '2019-04-01 14:06:15'),
(224, 50, 'Dr. Marlen Bogan', 'Qui quis ipsam amet sint ipsum ut quos. Quasi sed deleniti eum vitae tempora. Commodi voluptatem ut perferendis recusandae. Explicabo temporibus dolores illo consequuntur corporis at rerum.', 1, '2019-04-01 14:06:15', '2019-04-01 14:06:15'),
(225, 12, 'Mrs. Etha Wisozk III', 'Ipsum id rem quia quidem aut cumque accusantium. Et quis quidem dolorum.', 4, '2019-04-01 14:06:15', '2019-04-01 14:06:15'),
(226, 73, 'Prof. Carlee Ward', 'Deleniti placeat consequatur sequi aut pariatur ut voluptatibus. Odio quisquam ex fugiat facere. Animi at architecto corrupti eligendi doloribus vel a adipisci.', 4, '2019-04-01 14:06:15', '2019-04-01 14:06:15'),
(227, 90, 'Morton Schowalter DDS', 'Molestiae provident molestias eius dolorem dolorem. In quia quibusdam aspernatur illum esse. Vel nulla animi sit delectus.', 1, '2019-04-01 14:06:15', '2019-04-01 14:06:15'),
(228, 46, 'Claire Walter DVM', 'Possimus exercitationem dolorum reiciendis blanditiis fuga et. Aut est qui ut eveniet cupiditate blanditiis. Enim accusamus ut commodi corporis dolores eaque eos. Est consequatur temporibus in dolores amet.', 2, '2019-04-01 14:06:15', '2019-04-01 14:06:15'),
(229, 16, 'Dr. Bettie Fisher', 'Laudantium occaecati nihil quis nihil voluptates nihil ipsa aut. Dolor ea distinctio recusandae ea nihil. Itaque commodi dolorem eius. Porro aliquid et inventore eum accusantium aperiam.', 3, '2019-04-01 14:06:15', '2019-04-01 14:06:15'),
(230, 11, 'Treva Keebler II', 'Odit non aut corporis voluptatem nam consectetur. Voluptatum sed est consequuntur cupiditate eius placeat.', 3, '2019-04-01 14:06:15', '2019-04-01 14:06:15'),
(231, 98, 'Ardith Runte', 'Sequi in iure quia. In sunt sed sapiente ut quidem.', 5, '2019-04-01 14:06:15', '2019-04-01 14:06:15'),
(232, 58, 'Dr. Norberto Lindgren DVM', 'Officia iusto error numquam molestiae soluta nam non. Temporibus sunt numquam dolores. Eum voluptatem ut dolor quisquam enim sit exercitationem consequatur.', 2, '2019-04-01 14:06:15', '2019-04-01 14:06:15'),
(233, 81, 'Dakota Langosh', 'Veritatis id nesciunt debitis voluptatum quia rerum. Reiciendis ipsam et nesciunt hic rerum aut. Quaerat tenetur esse numquam sunt minus et.', 5, '2019-04-01 14:06:15', '2019-04-01 14:06:15'),
(234, 57, 'Miss Era Powlowski IV', 'In magni eligendi quia aut. Voluptas ipsum molestias eaque eaque numquam et autem. Quaerat fugit non sequi quam totam qui.', 5, '2019-04-01 14:06:15', '2019-04-01 14:06:15'),
(235, 63, 'Alison Doyle', 'Maiores et voluptas molestiae quo aut et inventore rerum. Quis ut omnis necessitatibus aliquid enim ut magni enim. Quasi ipsam voluptatum non fuga aut quod magnam. Impedit reiciendis qui natus neque facere.', 0, '2019-04-01 14:06:15', '2019-04-01 14:06:15'),
(236, 67, 'Scottie Gerlach', 'Et fuga veniam sunt perferendis. Ut sapiente et voluptatem. Similique veniam sed quos. Velit praesentium ullam qui rerum inventore assumenda.', 5, '2019-04-01 14:06:16', '2019-04-01 14:06:16'),
(237, 63, 'Mr. Joany Larkin III', 'Dolorum assumenda ex distinctio velit fuga. Facilis voluptatem quia cumque nemo eligendi qui asperiores. Ut repudiandae nobis minus nihil praesentium ea. Est eos reiciendis dolore optio dignissimos. Vitae tempora modi labore dolorem sit sit sapiente.', 0, '2019-04-01 14:06:16', '2019-04-01 14:06:16'),
(238, 76, 'Miss Reva Ruecker', 'Facere consequatur placeat perspiciatis exercitationem sed rem eveniet. Ratione beatae porro consequuntur. Doloribus sed maiores quis et. Quia ut vel non et nihil.', 0, '2019-04-01 14:06:16', '2019-04-01 14:06:16'),
(239, 3, 'Mr. Marcelo Waters IV', 'Quas eos cupiditate ratione et modi. In sit aliquam eaque magni ea rerum minus. Quisquam libero et sint neque sint neque quidem.', 0, '2019-04-01 14:06:16', '2019-04-01 14:06:16'),
(240, 63, 'Deontae Jacobson', 'Culpa quia totam est inventore nisi doloribus. Dolores repudiandae vero enim facere perspiciatis quisquam aut. Voluptatem aut quos illum provident vel. Iusto a excepturi occaecati sint sed ut hic.', 3, '2019-04-01 14:06:16', '2019-04-01 14:06:16'),
(241, 97, 'Dr. Xavier O\'Keefe', 'Iure eos occaecati doloremque modi reiciendis expedita. Ut expedita sapiente iure ad harum. Ut eveniet illum magnam ut cumque dolorem blanditiis. Voluptas dolore maxime dolorem molestiae ut in.', 2, '2019-04-01 14:06:16', '2019-04-01 14:06:16'),
(242, 24, 'Barbara Corkery', 'Placeat enim dolorum quasi pariatur sint quis. Est possimus ex vel quam saepe velit placeat. Quae nulla sed ab.', 3, '2019-04-01 14:06:16', '2019-04-01 14:06:16'),
(243, 75, 'Prof. Gideon Treutel', 'Dicta possimus repellendus possimus ut omnis. Fugit enim sed quasi commodi consequatur. Quod et repellendus et quo rerum dolores vero.', 5, '2019-04-01 14:06:16', '2019-04-01 14:06:16'),
(244, 86, 'Bette Labadie', 'Facere ut totam optio quis illum. Inventore est sed ratione vitae quod vel. Reprehenderit iste autem eos sed dolor.', 5, '2019-04-01 14:06:16', '2019-04-01 14:06:16'),
(245, 6, 'Sydney Nienow', 'Voluptas amet sunt odit hic consectetur ea. Iure laudantium dolor esse impedit voluptatibus adipisci. Nobis eveniet aliquam aut optio. Consectetur sequi sint animi vero.', 1, '2019-04-01 14:06:16', '2019-04-01 14:06:16'),
(246, 90, 'Ms. Kaylin O\'Connell DDS', 'Tempore fuga excepturi aut fuga assumenda cumque. Ut dolorem minima illo aut dolor. Ut numquam qui omnis sint.', 5, '2019-04-01 14:06:16', '2019-04-01 14:06:16'),
(247, 20, 'Dr. Bradly O\'Connell IV', 'Possimus error quas et nostrum. Qui nesciunt rerum odit possimus.', 5, '2019-04-01 14:06:16', '2019-04-01 14:06:16'),
(248, 83, 'Lempi Larson', 'Eligendi sed mollitia doloremque vel numquam natus. Qui ab saepe magnam id reiciendis nam. Aut cum sunt illum sunt.', 0, '2019-04-01 14:06:16', '2019-04-01 14:06:16'),
(249, 91, 'Miss Cynthia Schaefer', 'Est laborum odio voluptatem soluta nam illo. Nihil ratione laborum officiis reiciendis occaecati est libero. Placeat maxime tempore veritatis dolor expedita et eos. Aut asperiores saepe delectus repellat dicta et similique adipisci. Tenetur reiciendis itaque enim tenetur voluptate ut sed.', 3, '2019-04-01 14:06:16', '2019-04-01 14:06:16'),
(250, 31, 'Paul Haag', 'Qui aut illum ex praesentium modi aut. Architecto sed velit dolor voluptatum accusantium saepe. Dolorem minus et laborum perspiciatis. Alias et sequi ipsum corporis voluptas labore.', 5, '2019-04-01 14:06:16', '2019-04-01 14:06:16'),
(251, 10, 'Toni Schultz', 'Voluptate est distinctio veritatis itaque unde. Et et dolor consectetur ut atque nam minima. Ut molestiae quo modi quia at. Et quia nisi et perspiciatis.', 5, '2019-04-01 14:06:16', '2019-04-01 14:06:16'),
(252, 100, 'Emmie Marquardt', 'Totam tenetur natus eos eius. Et ea sed totam velit possimus. Non tempore vitae distinctio voluptas. Quo quo velit cumque dolore eaque debitis culpa impedit.', 0, '2019-04-01 14:06:16', '2019-04-01 14:06:16'),
(253, 44, 'Graciela Flatley', 'Atque modi rerum dolorum voluptas. Fugit aut et quo deleniti et. Nihil ut maxime eveniet error quisquam et autem.', 0, '2019-04-01 14:06:16', '2019-04-01 14:06:16'),
(254, 96, 'Ignacio Hackett', 'Praesentium omnis in sed qui minus tenetur. Neque rem aut voluptas eum ullam nihil. Corrupti aliquam quidem nobis atque maxime eos numquam. Sed laudantium autem ad hic iusto. Libero repudiandae ea officia sequi pariatur.', 4, '2019-04-01 14:06:16', '2019-04-01 14:06:16'),
(255, 23, 'Mrs. Alisha Gottlieb IV', 'Et dolorum eos sunt dolores facere. Molestiae fuga aliquid nihil laboriosam sit harum voluptatum. Tempore dignissimos est dignissimos.', 2, '2019-04-01 14:06:16', '2019-04-01 14:06:16'),
(256, 9, 'Dr. Oda Reynolds', 'Rem aut in labore. Neque non asperiores nostrum. Dolorem amet iure et similique in fugit placeat sint. Harum earum eum dolorem ea adipisci sit dolores.', 0, '2019-04-01 14:06:16', '2019-04-01 14:06:16'),
(257, 61, 'Dakota Gottlieb', 'Sit odio laborum sequi voluptas. Cupiditate nobis ut eos dolor ex. Ut consequatur qui voluptatem quae sapiente quas.', 5, '2019-04-01 14:06:16', '2019-04-01 14:06:16'),
(258, 39, 'Tiffany D\'Amore PhD', 'Facere sit sequi aut ad. Odio odio laudantium sit ducimus.', 4, '2019-04-01 14:06:16', '2019-04-01 14:06:16'),
(259, 59, 'Royal Block', 'Soluta ex aut qui soluta quos mollitia aut corrupti. Temporibus omnis aut id. Cum error unde quae quidem et incidunt qui ut.', 1, '2019-04-01 14:06:16', '2019-04-01 14:06:16'),
(260, 2, 'Orin Schmitt', 'Dolore blanditiis corporis distinctio voluptatum. Qui est exercitationem omnis impedit mollitia. Deleniti repudiandae animi placeat qui eos ut vero.', 3, '2019-04-01 14:06:16', '2019-04-01 14:06:16'),
(261, 33, 'Bonnie Moore', 'Et minima et rerum molestias aperiam. Neque aspernatur qui et sed dolorem. Ab et et et officia sit animi. Earum aut voluptas ipsam labore voluptatibus animi voluptatum.', 1, '2019-04-01 14:06:16', '2019-04-01 14:06:16'),
(262, 65, 'Dewayne O\'Connell', 'Omnis est amet molestias et deserunt quia. Nihil consectetur ut ullam maxime doloribus delectus. Corporis vero ut eius quia qui. Et ipsum labore voluptatem consequuntur delectus.', 3, '2019-04-01 14:06:16', '2019-04-01 14:06:16'),
(263, 86, 'Ivah Reynolds', 'Ea minima numquam voluptas hic et non est. Nihil rerum iusto modi aut sit nostrum. Sint quam accusantium voluptate.', 0, '2019-04-01 14:06:16', '2019-04-01 14:06:16'),
(264, 34, 'Theresa Borer', 'Sapiente amet eaque at fugiat voluptas maiores voluptatum. Qui amet maiores expedita est delectus. Esse cupiditate expedita omnis ducimus sed dignissimos.', 4, '2019-04-01 14:06:16', '2019-04-01 14:06:16'),
(265, 9, 'Antone Hettinger', 'Molestias id deleniti aut odio labore aliquam debitis aut. Accusantium qui et eveniet eveniet dolorem. Facere dolorum at deleniti omnis ab. Aut aut aperiam corporis saepe assumenda illo facilis.', 1, '2019-04-01 14:06:16', '2019-04-01 14:06:16'),
(266, 11, 'Fabian Hyatt', 'Ex optio sed ut nesciunt aperiam. Eos quo quam saepe non ab ab autem quisquam. Aut dignissimos hic quae inventore ipsam. Consequatur sed sed quam aliquid.', 4, '2019-04-01 14:06:16', '2019-04-01 14:06:16'),
(267, 94, 'Eleanora Hoppe', 'Vel delectus quas libero est eius. Aut aliquid ea ut ut mollitia repellat esse aperiam. Iusto a recusandae repudiandae laboriosam. Quae voluptatibus odio corporis ratione quasi vero minima numquam.', 4, '2019-04-01 14:06:17', '2019-04-01 14:06:17'),
(268, 10, 'Rebekah Bergstrom', 'Adipisci eligendi et eveniet minima qui incidunt. Illum delectus eum ea laboriosam. Sed sed tenetur eius quo. Incidunt quas ipsum provident sed.', 3, '2019-04-01 14:06:17', '2019-04-01 14:06:17'),
(269, 45, 'Eloise Auer PhD', 'Quisquam quod quia culpa ad possimus doloremque dolore. Enim ut illum perferendis non ipsum et magni ut. Dolore tempora quisquam exercitationem corrupti quae repudiandae architecto.', 4, '2019-04-01 14:06:17', '2019-04-01 14:06:17'),
(270, 97, 'Jennyfer Hirthe', 'Animi quo iste voluptatem commodi ad in nemo id. Laboriosam recusandae rem ut labore. Qui quo ducimus assumenda est laborum praesentium sunt accusamus. Labore consequatur cum voluptatem asperiores accusamus sint.', 5, '2019-04-01 14:06:17', '2019-04-01 14:06:17'),
(271, 38, 'Thurman Leffler', 'Iusto accusamus sapiente nostrum qui rerum. Est nostrum molestiae aut quo rerum. Fugit commodi ut quisquam.', 2, '2019-04-01 14:06:17', '2019-04-01 14:06:17'),
(272, 19, 'Magdalena Marvin', 'Magni maxime ab autem ut. Consequatur et ut sapiente ut nisi est.', 3, '2019-04-01 14:06:17', '2019-04-01 14:06:17'),
(273, 85, 'Daphne Zieme', 'Deleniti beatae quia voluptatum sed sint ratione. Velit ipsam fugit debitis unde nulla. Repellendus perferendis sapiente quis quasi et. Distinctio voluptatem nam itaque et natus alias animi earum.', 5, '2019-04-01 14:06:17', '2019-04-01 14:06:17'),
(274, 38, 'Dr. Nona Morissette', 'Quaerat dolor ab et pariatur nobis. Voluptatem qui magnam ipsam nesciunt. Nihil ullam corporis dolorum necessitatibus. Corrupti deleniti sunt dolores dolores.', 3, '2019-04-01 14:06:17', '2019-04-01 14:06:17'),
(275, 47, 'Joelle Stamm', 'Qui animi sint iure. Atque totam est asperiores et eveniet sit. Quibusdam consequatur architecto molestiae voluptatibus. Tenetur et perferendis nesciunt alias.', 2, '2019-04-01 14:06:17', '2019-04-01 14:06:17'),
(276, 52, 'Clement Pacocha DVM', 'Illo officiis corrupti voluptatem sed. Sapiente in amet molestiae commodi nam ex corrupti. Dolor aut sapiente ex est error. Hic quam minus eum maiores incidunt dignissimos omnis voluptates. Et dolor aliquid impedit velit ducimus voluptas nesciunt.', 4, '2019-04-01 14:06:17', '2019-04-01 14:06:17'),
(277, 26, 'Ms. Anita Conn III', 'Impedit in sequi expedita id consequatur magnam. Et accusamus cumque eos fugiat quibusdam. Quo vel soluta ea similique tenetur. Praesentium earum quidem minus quia delectus ut sequi.', 5, '2019-04-01 14:06:17', '2019-04-01 14:06:17'),
(278, 69, 'Destiny Stanton', 'Laborum dolorem fuga nihil. Officiis accusantium perferendis nam labore quo.', 1, '2019-04-01 14:06:17', '2019-04-01 14:06:17'),
(279, 78, 'Dr. Jan Kerluke', 'Autem sed facilis sequi est tenetur. Recusandae deleniti quo natus. Et repudiandae sit necessitatibus et natus consequatur repellendus. Culpa ipsum deserunt consectetur eaque numquam aut recusandae.', 2, '2019-04-01 14:06:17', '2019-04-01 14:06:17'),
(280, 9, 'Ms. Albertha Sawayn', 'Eum ex tempore nobis ducimus culpa est quam. Nihil quidem veritatis tempore exercitationem in atque exercitationem. Voluptates sint rerum consequatur cum id laudantium tenetur.', 2, '2019-04-01 14:06:17', '2019-04-01 14:06:17'),
(281, 22, 'Joan Bartoletti', 'Reprehenderit illo ullam eos molestiae in voluptatem omnis beatae. Quis soluta dicta aut nisi quam dicta unde. Voluptatem cum eos autem consequuntur.', 0, '2019-04-01 14:06:17', '2019-04-01 14:06:17'),
(282, 41, 'Dr. Gust Blick', 'Unde veniam et culpa quis. Et sunt sint numquam minima. Nobis eum placeat occaecati dicta reiciendis dolorem.', 5, '2019-04-01 14:06:17', '2019-04-01 14:06:17'),
(283, 24, 'June Cormier IV', 'Commodi omnis explicabo sed est suscipit. Sequi quia explicabo enim quia quae quo. Atque minima consequuntur dolore est sed. Aut possimus dolorem iure quod.', 3, '2019-04-01 14:06:17', '2019-04-01 14:06:17'),
(284, 96, 'Teresa Gutkowski', 'Minus numquam excepturi sequi voluptatum eligendi maiores. Qui inventore in ut nesciunt optio sed. Omnis optio est reiciendis minima qui ab. Doloribus est dolor tenetur fugit asperiores eligendi eveniet.', 1, '2019-04-01 14:06:17', '2019-04-01 14:06:17'),
(285, 67, 'Corene Stoltenberg', 'Odio cum voluptatibus veniam expedita ipsum eaque architecto. Illo temporibus illo possimus qui repellat.', 2, '2019-04-01 14:06:17', '2019-04-01 14:06:17'),
(286, 9, 'Rosario Walker', 'Atque sit ea quo eius. Tenetur qui accusamus sunt pariatur vel fugiat sapiente. Voluptatibus dignissimos ullam ipsum enim aliquid earum sapiente.', 4, '2019-04-01 14:06:17', '2019-04-01 14:06:17'),
(287, 71, 'Wade Rosenbaum', 'Ut laboriosam dolores beatae et rerum est in consequatur. Dolorem molestiae saepe enim temporibus nihil. Praesentium consequuntur id necessitatibus sed accusamus. Sunt laborum aut inventore impedit ad nostrum ad.', 0, '2019-04-01 14:06:17', '2019-04-01 14:06:17'),
(288, 1, 'Sammie Wehner', 'Qui sed quibusdam voluptates excepturi ipsam architecto soluta. Nihil ea reprehenderit laboriosam repellat hic soluta dolores. Similique reiciendis est itaque doloribus eos explicabo.', 2, '2019-04-01 14:06:17', '2019-04-01 14:06:17'),
(289, 1, 'Charity Nienow', 'Enim et beatae quam. Necessitatibus corporis sint ab aliquid voluptatibus dolorem. Et placeat accusamus qui voluptatibus et dignissimos.', 3, '2019-04-01 14:06:17', '2019-04-01 14:06:17'),
(290, 93, 'Clovis Willms PhD', 'Veritatis doloremque delectus dolore rem nobis. Vel iure ut ut voluptate atque et corporis. Beatae sit officiis quos.', 1, '2019-04-01 14:06:17', '2019-04-01 14:06:17'),
(291, 81, 'Evans Ullrich', 'Porro reprehenderit voluptas minus vel cupiditate facere hic. Dolor consequatur deserunt officia possimus est labore non ut. Ad quas sit recusandae voluptatem aut rerum ipsum. Perferendis labore quae dolor sit debitis veniam et.', 2, '2019-04-01 14:06:17', '2019-04-01 14:06:17'),
(292, 74, 'Laverne Mueller PhD', 'Debitis et expedita quae deleniti in amet. In rerum distinctio sit sunt et magni ex. Quis omnis harum qui iste suscipit ea quia. Animi fugiat distinctio error porro doloremque nulla fuga.', 2, '2019-04-01 14:06:17', '2019-04-01 14:06:17'),
(293, 52, 'Queenie Kris', 'Officia quasi nihil et recusandae corrupti in consequatur. Accusamus ut nobis numquam voluptates assumenda. Pariatur doloribus placeat corrupti in dolore.', 2, '2019-04-01 14:06:17', '2019-04-01 14:06:17'),
(294, 45, 'Jean Davis', 'Et nam deserunt veniam eos rem recusandae sunt. At distinctio consequuntur deleniti neque et velit. Doloribus id consequatur labore reprehenderit omnis et et.', 1, '2019-04-01 14:06:17', '2019-04-01 14:06:17'),
(295, 38, 'Omari Conroy', 'Qui rerum doloremque delectus. Non enim blanditiis officiis optio consequatur et inventore. Totam quam quod illo quibusdam omnis. Distinctio atque quaerat dolore sit illo vero doloremque rerum.', 1, '2019-04-01 14:06:17', '2019-04-01 14:06:17'),
(296, 75, 'Dr. Ezra Schulist', 'Provident possimus velit natus explicabo nemo nobis voluptas. Id odio quas et illo sunt magnam et. Dolor officiis quas qui magni dolorem asperiores.', 2, '2019-04-01 14:06:17', '2019-04-01 14:06:17'),
(297, 27, 'Mrs. Susana Frami', 'Assumenda aut tempora vel. Neque sit optio dolorem aut suscipit est. Repellendus dolor facere exercitationem. Quo aut accusamus quod omnis ad.', 1, '2019-04-01 14:06:17', '2019-04-01 14:06:17'),
(298, 14, 'Miss Lyda Shanahan', 'Necessitatibus sit aspernatur perspiciatis veritatis et. Aut qui consequatur explicabo est aliquid. Voluptatibus porro impedit facere deleniti rerum aut. Ipsum culpa et doloribus beatae tempora quo.', 1, '2019-04-01 14:06:17', '2019-04-01 14:06:17'),
(299, 19, 'Marilie Effertz', 'Eius nisi tenetur voluptatum quibusdam est quia totam quisquam. Aut assumenda asperiores voluptatem eum aut soluta praesentium. Rerum vel est saepe saepe accusantium illum sed. Voluptatem dolores odit ut repellat. Consequuntur reiciendis incidunt sint magni ut sunt molestiae.', 1, '2019-04-01 14:06:17', '2019-04-01 14:06:17'),
(300, 37, 'Dr. Krystel Lockman DDS', 'Sed ullam totam sint magni porro nihil. Totam ut consequatur enim explicabo quia illum. Quis omnis consequatur cupiditate enim quia sunt aliquam.', 5, '2019-04-01 14:06:17', '2019-04-01 14:06:17');

-- --------------------------------------------------------

--
-- Table structure for table `users`
--

CREATE TABLE `users` (
  `id` bigint(20) UNSIGNED NOT NULL,
  `name` varchar(191) COLLATE utf8mb4_unicode_ci NOT NULL,
  `email` varchar(191) COLLATE utf8mb4_unicode_ci NOT NULL,
  `email_verified_at` timestamp NULL DEFAULT NULL,
  `password` varchar(191) COLLATE utf8mb4_unicode_ci NOT NULL,
  `remember_token` varchar(100) COLLATE utf8mb4_unicode_ci DEFAULT NULL,
  `created_at` timestamp NULL DEFAULT NULL,
  `updated_at` timestamp NULL DEFAULT NULL
) ENGINE=InnoDB DEFAULT CHARSET=utf8mb4 COLLATE=utf8mb4_unicode_ci;

--
-- Indexes for dumped tables
--

--
-- Indexes for table `migrations`
--
ALTER TABLE `migrations`
  ADD PRIMARY KEY (`id`);

--
-- Indexes for table `password_resets`
--
ALTER TABLE `password_resets`
  ADD KEY `password_resets_email_index` (`email`);

--
-- Indexes for table `products`
--
ALTER TABLE `products`
  ADD PRIMARY KEY (`id`);

--
-- Indexes for table `reviews`
--
ALTER TABLE `reviews`
  ADD PRIMARY KEY (`id`),
  ADD KEY `reviews_product_id_index` (`product_id`);

--
-- Indexes for table `users`
--
ALTER TABLE `users`
  ADD PRIMARY KEY (`id`),
  ADD UNIQUE KEY `users_email_unique` (`email`);

--
-- AUTO_INCREMENT for dumped tables
--

--
-- AUTO_INCREMENT for table `migrations`
--
ALTER TABLE `migrations`
  MODIFY `id` int(10) UNSIGNED NOT NULL AUTO_INCREMENT, AUTO_INCREMENT=5;

--
-- AUTO_INCREMENT for table `products`
--
ALTER TABLE `products`
  MODIFY `id` int(10) UNSIGNED NOT NULL AUTO_INCREMENT, AUTO_INCREMENT=101;

--
-- AUTO_INCREMENT for table `reviews`
--
ALTER TABLE `reviews`
  MODIFY `id` int(10) UNSIGNED NOT NULL AUTO_INCREMENT, AUTO_INCREMENT=301;

--
-- AUTO_INCREMENT for table `users`
--
ALTER TABLE `users`
  MODIFY `id` bigint(20) UNSIGNED NOT NULL AUTO_INCREMENT;

--
-- Constraints for dumped tables
--

--
-- Constraints for table `reviews`
--
ALTER TABLE `reviews`
  ADD CONSTRAINT `reviews_product_id_foreign` FOREIGN KEY (`product_id`) REFERENCES `products` (`id`) ON DELETE CASCADE;
COMMIT;

/*!40101 SET CHARACTER_SET_CLIENT=@OLD_CHARACTER_SET_CLIENT */;
/*!40101 SET CHARACTER_SET_RESULTS=@OLD_CHARACTER_SET_RESULTS */;
/*!40101 SET COLLATION_CONNECTION=@OLD_COLLATION_CONNECTION */;
